-- phpMyAdmin SQL Dump
-- version 3.4.5
-- http://www.phpmyadmin.net
--
-- Host: localhost
-- Generation Time: Feb 11, 2013 at 06:15 AM
-- Server version: 5.5.16
-- PHP Version: 5.3.8

SET SQL_MODE="NO_AUTO_VALUE_ON_ZERO";
SET time_zone = "+00:00";


/*!40101 SET @OLD_CHARACTER_SET_CLIENT=@@CHARACTER_SET_CLIENT */;
/*!40101 SET @OLD_CHARACTER_SET_RESULTS=@@CHARACTER_SET_RESULTS */;
/*!40101 SET @OLD_COLLATION_CONNECTION=@@COLLATION_CONNECTION */;
/*!40101 SET NAMES utf8 */;

--
-- Database: `gresgi_mag`
--

-- --------------------------------------------------------

--
-- Table structure for table `catalog_product_entity`
--

CREATE TABLE IF NOT EXISTS `catalog_product_entity` (
  `entity_id` int(10) unsigned NOT NULL AUTO_INCREMENT COMMENT 'Entity ID',
  `entity_type_id` smallint(5) unsigned NOT NULL DEFAULT '0' COMMENT 'Entity Type ID',
  `attribute_set_id` smallint(5) unsigned NOT NULL DEFAULT '0' COMMENT 'Attribute Set ID',
  `type_id` varchar(32) NOT NULL DEFAULT 'simple' COMMENT 'Type ID',
  `sku` varchar(64) DEFAULT NULL COMMENT 'SKU',
  `has_options` smallint(6) NOT NULL DEFAULT '0' COMMENT 'Has Options',
  `required_options` smallint(5) unsigned NOT NULL DEFAULT '0' COMMENT 'Required Options',
  `created_at` timestamp NULL DEFAULT NULL COMMENT 'Creation Time',
  `updated_at` timestamp NULL DEFAULT NULL COMMENT 'Update Time',
  PRIMARY KEY (`entity_id`),
  KEY `IDX_CATALOG_PRODUCT_ENTITY_ENTITY_TYPE_ID` (`entity_type_id`),
  KEY `IDX_CATALOG_PRODUCT_ENTITY_ATTRIBUTE_SET_ID` (`attribute_set_id`),
  KEY `IDX_CATALOG_PRODUCT_ENTITY_SKU` (`sku`)
) ENGINE=InnoDB  DEFAULT CHARSET=utf8 COMMENT='Catalog Product Table' AUTO_INCREMENT=117 ;

--
-- Dumping data for table `catalog_product_entity`
--

INSERT INTO `catalog_product_entity` (`entity_id`, `entity_type_id`, `attribute_set_id`, `type_id`, `sku`, `has_options`, `required_options`, `created_at`, `updated_at`) VALUES
(3, 4, 10, 'simple', 'start-r-kit', 0, 0, '2012-04-13 09:41:26', '2013-02-08 01:46:49'),
(4, 4, 10, 'simple', 'ez-go-trav-l-cage', 0, 0, '2012-04-13 22:31:30', '2012-06-01 13:09:29'),
(5, 4, 10, 'simple', 'jung-l-gym-start-r-cage', 0, 0, '2012-04-14 07:16:06', '2013-01-18 19:55:12'),
(8, 4, 10, 'simple', 'glide-r-gravy', 0, 0, '2012-04-17 03:06:50', '2012-11-21 17:29:21'),
(9, 4, 10, 'simple', 'run-o-round-playwheel', 0, 0, '2012-04-17 04:06:15', '2012-06-01 14:01:39'),
(10, 4, 10, 'simple', 'ez-trim-nail-trimmer-insert', 0, 0, '2012-04-17 05:53:59', '2012-06-01 14:18:14'),
(11, 4, 10, 'simple', 'od-r-gone', 0, 0, '2012-04-17 05:57:51', '2012-05-05 22:51:33'),
(12, 4, 10, 'simple', 'sprik-l-fresh', 0, 0, '2012-04-17 06:12:10', '2012-05-17 12:27:19'),
(15, 4, 10, 'simple', 'jung-l-gym-premium-double-cage-black', 0, 0, '2012-04-17 08:34:31', '2012-07-18 15:48:49'),
(17, 4, 10, 'simple', 'yuck-e-stuff', 0, 0, '2012-04-17 09:58:41', '2012-05-05 22:53:20'),
(18, 4, 10, 'simple', 'squeak-e-clean-spray', 0, 0, '2012-04-17 10:18:37', '2012-05-05 22:54:47'),
(19, 4, 10, 'simple', 'gran-oh-la biscuits', 0, 0, '2012-04-17 10:38:14', '2012-11-27 01:21:05'),
(20, 4, 10, 'simple', 'yum-e-treats-mix', 0, 0, '2012-04-17 10:51:58', '2012-11-12 01:42:58'),
(21, 4, 10, 'simple', 'fleece-forest-fun-pack', 0, 0, '2012-04-17 11:15:16', '2012-05-17 12:13:11'),
(22, 4, 10, 'simple', 'cal-c-yum-kabob', 0, 0, '2012-04-17 11:24:25', '2012-05-05 22:59:25'),
(23, 4, 10, 'virtual', 'family-circle-pass', 0, 0, '2012-04-17 11:39:35', '2012-05-17 11:59:33'),
(24, 4, 10, 'simple', 'swing-n-things-4-piece-toy-package', 0, 0, '2012-04-17 11:57:38', '2012-05-17 12:21:26'),
(25, 4, 10, 'simple', 'swing-n-things-3-toys', 0, 0, '2012-04-17 12:12:22', '2012-05-17 12:22:25'),
(29, 4, 10, 'grouped', 'ez-liners-group', 0, 0, '2012-04-18 12:49:45', '2012-05-05 23:03:39'),
(35, 4, 10, 'grouped', 'warm-n-cozy-group', 0, 0, '2012-04-18 16:25:21', '2012-11-21 21:35:50'),
(51, 4, 10, 'configurable', 'ez-bond-pouch', 1, 1, '2012-04-21 23:26:19', '2012-05-05 23:04:22'),
(52, 4, 10, 'simple', 'ez-bond-pouch-black', 0, 0, '2012-04-21 23:42:07', '2012-05-03 21:19:23'),
(53, 4, 10, 'simple', 'ez-bond-pouch-green', 0, 0, '2012-04-21 23:42:50', '2012-05-03 21:19:30'),
(54, 4, 10, 'simple', 'ez-bond-pouch-blue', 0, 0, '2012-04-21 23:45:57', '2012-05-03 21:19:36'),
(55, 4, 10, 'simple', 'ez-bond-pouch-light pink', 0, 0, '2012-04-21 23:46:12', '2012-05-03 21:19:43'),
(57, 4, 10, 'configurable', 'jung-l-gym-outback', 1, 1, '2012-04-22 17:23:48', '2012-06-01 14:38:14'),
(58, 4, 10, 'simple', 'jung-l-gym-outback-black', 0, 0, '2012-04-22 17:26:18', '2012-05-04 06:48:13'),
(59, 4, 10, 'configurable', 'jung-l-gym-premium-double-cage', 1, 1, '2012-04-22 17:57:42', '2012-06-01 14:36:25'),
(60, 4, 10, 'configurable', 'jung-l-gym-premium-single-cage', 1, 1, '2012-04-22 18:17:33', '2012-11-21 21:37:08'),
(61, 4, 10, 'simple', 'jung-l-gym-premium-single-cage-black', 0, 0, '2012-04-22 18:18:07', '2012-10-31 04:57:33'),
(62, 4, 10, 'simple', 'jung-l-gym-premium-single-cage-brass', 0, 0, '2012-04-22 18:18:25', '2012-11-08 22:22:29'),
(63, 4, 10, 'simple', 'jung-l-gym-premium-single-cage-platinum', 0, 0, '2012-04-22 18:18:43', '2012-11-08 22:00:04'),
(64, 4, 10, 'simple', 'jung-l-gym-premium-single-cage-white', 0, 0, '2012-04-22 18:18:55', '2012-11-04 22:03:35'),
(65, 4, 10, 'simple', 'blank-ez-black', 0, 0, '2012-04-22 18:34:15', '2012-05-03 21:15:13'),
(66, 4, 10, 'simple', 'blank-ez-green', 0, 0, '2012-04-22 18:34:25', '2012-05-03 21:15:20'),
(67, 4, 10, 'simple', 'blank-ez-yellow', 0, 0, '2012-04-22 18:35:38', '2012-05-03 21:15:26'),
(68, 4, 10, 'simple', 'blank-ez-pink', 0, 0, '2012-04-22 18:36:33', '2012-05-03 21:15:31'),
(70, 4, 10, 'bundle', 'blank-ez-pair', 1, 1, '2012-04-22 18:46:47', '2012-05-05 23:07:54'),
(71, 4, 10, 'simple', 'warm-n-cozy-starter-blue', 0, 0, '2012-04-22 20:23:16', '2012-05-03 21:22:55'),
(72, 4, 10, 'simple', 'warm-n-cozy-starter-black', 0, 0, '2012-04-22 20:23:23', '2012-05-03 21:22:50'),
(73, 4, 10, 'simple', 'warm-n-cozy-single-black', 0, 0, '2012-04-22 20:24:59', '2012-05-03 21:22:39'),
(74, 4, 10, 'simple', 'warm-n-cozy-single-blue', 0, 0, '2012-04-22 20:26:15', '2012-10-31 04:54:26'),
(75, 4, 10, 'simple', 'warm-n-cozy-double-blue', 0, 0, '2012-04-22 20:27:44', '2012-05-03 21:22:12'),
(76, 4, 10, 'simple', 'warm-n-cozy-double-black', 0, 0, '2012-04-22 20:28:55', '2012-05-03 21:22:20'),
(77, 4, 10, 'configurable', 'warm-n-cozy-starter-config', 1, 1, '2012-04-22 20:33:51', '2012-04-27 11:49:34'),
(78, 4, 10, 'configurable', 'warm-n-cozy-single-config', 1, 1, '2012-04-22 20:34:14', '2012-04-27 11:49:52'),
(79, 4, 10, 'configurable', 'warm-n-cozy-double-config', 1, 1, '2012-04-22 20:38:18', '2012-04-27 11:50:33'),
(80, 4, 10, 'simple', 'ez-liners-startr', 0, 0, '2012-04-23 00:39:27', '2012-05-03 21:43:00'),
(81, 4, 10, 'simple', 'ez-liners-single', 0, 0, '2012-04-23 00:39:39', '2012-05-03 21:44:04'),
(82, 4, 10, 'simple', 'ez-liners-double', 0, 0, '2012-04-23 00:41:24', '2012-05-03 21:44:20'),
(84, 4, 10, 'simple', 'heat-lamp-dome-only', 0, 0, '2012-04-23 00:51:04', '2012-05-03 21:18:18'),
(85, 4, 10, 'simple', 'heat-lamp-bulb-only', 0, 0, '2012-04-23 00:52:13', '2012-05-03 21:17:27'),
(88, 4, 10, 'bundle', 'combo-trav-l-cage-start-r-kit', 1, 1, '2012-04-23 05:39:36', '2012-04-24 19:49:58'),
(89, 4, 10, 'bundle', 'combo-gran-oh-la-yum-e-treats', 1, 1, '2012-04-23 06:40:29', '2012-04-24 09:14:52'),
(90, 4, 10, 'bundle', 'combo-od-r-gone-sprink-l-fresh', 1, 1, '2012-04-23 07:06:37', '2012-04-23 07:59:53'),
(91, 4, 10, 'bundle', 'combo-run-o-round-nail-trimmer', 1, 1, '2012-04-23 07:29:12', '2012-04-23 07:59:33'),
(92, 4, 10, 'bundle', 'combo-swing-n-things-4-kabob', 1, 1, '2012-04-23 07:43:20', '2012-04-23 12:57:22'),
(93, 4, 10, 'bundle', 'combo-swing-n-things-3-and-4', 1, 1, '2012-04-23 07:49:16', '2012-04-23 12:57:19'),
(94, 4, 10, 'bundle', 'combo-swing-n-things-3-and-4-kabob', 1, 1, '2012-04-23 07:53:01', '2012-04-23 12:57:25'),
(95, 4, 10, 'bundle', 'combo-swing-and-things-3-kabob', 1, 1, '2012-04-23 08:39:39', '2012-04-23 12:57:28'),
(98, 4, 10, 'bundle', 'combo-jung-l-gym-single-cover', 1, 1, '2012-04-24 08:41:47', '2012-11-04 21:55:22'),
(99, 4, 10, 'bundle', 'combo-jung-l-gym-double-cover', 1, 1, '2012-04-24 17:17:03', '2012-04-24 18:19:45'),
(100, 4, 10, 'simple', 'jung-l-gym-premium-double-cage-platinum', 0, 0, '2012-04-24 17:28:58', '2012-07-18 16:16:05'),
(101, 4, 10, 'simple', 'jung-l-gym-premium-double-cage-brass', 0, 0, '2012-04-24 17:32:23', '2012-07-18 16:15:05'),
(102, 4, 10, 'simple', 'jung-l-gym-premium-double-cage-white', 0, 0, '2012-04-24 17:34:02', '2012-05-04 06:49:23'),
(103, 4, 10, 'bundle', 'combo-start-r-cage-start-r-kit', 1, 1, '2012-04-24 18:25:02', '2012-04-24 18:32:13'),
(104, 4, 10, 'bundle', 'combo-jung-l-gym-starter-cage-cover', 1, 1, '2012-04-24 18:42:13', '2013-01-18 19:57:49'),
(105, 4, 10, 'bundle', 'combo-start-r-cage-kit-cover', 1, 1, '2012-04-24 18:42:35', '2012-04-24 18:49:21'),
(106, 4, 10, 'simple', 'jung-l-gym-outback-beige', 0, 0, '2012-04-27 11:21:21', '2012-05-04 06:48:21'),
(107, 4, 10, 'simple', 'jung-l-gym-outback-green', 0, 0, '2012-04-27 11:22:56', '2012-05-04 06:48:23'),
(108, 4, 10, 'simple', 'jung-l-gym-outback-platinum', 0, 0, '2012-04-27 11:23:48', '2012-05-04 06:48:29'),
(109, 4, 10, 'simple', 'jung-l-gym-single-green', 0, 0, '2012-04-27 11:37:04', '2012-07-23 17:35:19'),
(110, 4, 10, 'simple', 'jung-l-gym-double-green', 0, 0, '2012-04-27 11:39:48', '2012-05-04 06:49:18'),
(111, 4, 10, 'simple', 'jung-l-gym-outback-white', 0, 0, '2012-04-27 11:45:40', '2012-05-04 06:48:34'),
(112, 4, 10, 'bundle', 'combo-heat-lamp', 1, 1, '2012-05-01 19:46:04', '2012-11-21 21:39:41'),
(113, 4, 10, 'simple', 'glide-a-mins', 0, 0, '2012-05-03 21:59:20', '2013-02-08 01:34:21'),
(114, 4, 10, 'simple', 'glide-r-chow', 0, 0, '2012-05-03 22:02:39', '2012-05-03 22:02:39'),
(115, 4, 10, 'bundle', 'combo-glid-r-chow-mins', 1, 1, '2012-05-03 22:06:55', '2012-11-21 02:01:03'),
(116, 4, 4, 'virtual', 'customercredit', 0, 0, '2012-11-19 01:03:39', '2012-11-19 01:03:39');

-- --------------------------------------------------------

--
-- Table structure for table `catalog_product_entity_varchar`
--

CREATE TABLE IF NOT EXISTS `catalog_product_entity_varchar` (
  `value_id` int(11) NOT NULL AUTO_INCREMENT COMMENT 'Value ID',
  `entity_type_id` int(10) unsigned NOT NULL DEFAULT '0' COMMENT 'Entity Type ID',
  `attribute_id` smallint(5) unsigned NOT NULL DEFAULT '0' COMMENT 'Attribute ID',
  `store_id` smallint(5) unsigned NOT NULL DEFAULT '0' COMMENT 'Store ID',
  `entity_id` int(10) unsigned NOT NULL DEFAULT '0' COMMENT 'Entity ID',
  `value` varchar(255) DEFAULT NULL COMMENT 'Value',
  PRIMARY KEY (`value_id`),
  UNIQUE KEY `UNQ_CAT_PRD_ENTT_VCHR_ENTT_ID_ATTR_ID_STORE_ID` (`entity_id`,`attribute_id`,`store_id`),
  KEY `IDX_CATALOG_PRODUCT_ENTITY_VARCHAR_ATTRIBUTE_ID` (`attribute_id`),
  KEY `IDX_CATALOG_PRODUCT_ENTITY_VARCHAR_STORE_ID` (`store_id`),
  KEY `IDX_CATALOG_PRODUCT_ENTITY_VARCHAR_ENTITY_ID` (`entity_id`)
) ENGINE=InnoDB  DEFAULT CHARSET=utf8 COMMENT='Catalog Product Varchar Attribute Backend Table' AUTO_INCREMENT=10112 ;

--
-- Dumping data for table `catalog_product_entity_varchar`
--

INSERT INTO `catalog_product_entity_varchar` (`value_id`, `entity_type_id`, `attribute_id`, `store_id`, `entity_id`, `value`) VALUES
(93, 4, 65, 0, 3, 'Sugar Glider Start-R-Kit™'),
(94, 4, 90, 0, 3, 'starter-kit'),
(95, 4, 110, 0, 3, NULL),
(102, 4, 145, 0, 3, '540 0 characters/Shayla-jumping1.gif'),
(103, 4, 146, 0, 3, NULL),
(104, 4, 111, 0, 3, '2'),
(105, 4, 112, 0, 3, '4'),
(106, 4, 76, 0, 3, 'Sugar Glider Starter Kit'),
(107, 4, 78, 0, 3, NULL),
(108, 4, 81, 0, 3, '/s/t/starter-kit-thumbnail.gif'),
(109, 4, 80, 0, 3, '/s/t/startrkit-small_1.jpg'),
(110, 4, 79, 0, 3, '/s/t/startrkit-main_2.jpg'),
(111, 4, 96, 0, 3, NULL),
(112, 4, 100, 0, 3, NULL),
(113, 4, 102, 0, 3, 'container2'),
(114, 4, 116, 0, 3, NULL),
(115, 4, 105, 0, 3, NULL),
(116, 4, 106, 0, 3, NULL),
(117, 4, 91, 1, 3, 'starter-kit.html'),
(118, 4, 91, 0, 3, 'starter-kit.html'),
(263, 4, 65, 0, 4, 'EZ-GO™ Trav-L-Cage'),
(264, 4, 90, 0, 4, 'ez-go-travel-cage'),
(265, 4, 110, 0, 4, NULL),
(272, 4, 145, 0, 4, '540 -0 characters/Sidney-traveling1.gif'),
(273, 4, 146, 0, 4, '1560 0 store/custom/save10.gif'),
(274, 4, 111, 0, 4, '2'),
(275, 4, 112, 0, 4, '4'),
(276, 4, 76, 0, 4, 'EZ-Go Trav-L Cage'),
(277, 4, 78, 0, 4, NULL),
(278, 4, 81, 0, 4, '/e/z/ez-go-trav-l-cage-thumbnail.gif'),
(279, 4, 79, 0, 4, '/e/z/ezgotravlcage-main.jpg'),
(280, 4, 80, 0, 4, '/e/z/ezgotravlcage-small.jpg'),
(281, 4, 96, 0, 4, NULL),
(282, 4, 100, 0, 4, NULL),
(283, 4, 102, 0, 4, 'container2'),
(284, 4, 116, 0, 4, NULL),
(285, 4, 105, 0, 4, NULL),
(286, 4, 106, 0, 4, NULL),
(287, 4, 91, 1, 4, 'ez-go-travel-cage.html'),
(288, 4, 91, 0, 4, 'ez-go-travel-cage.html'),
(558, 4, 65, 0, 5, 'Jung-L-Gym™ Premium Start-R-Cage™ (Black Only)'),
(559, 4, 90, 0, 5, 'jungle-gym-starter-cage'),
(560, 4, 110, 0, 5, NULL),
(567, 4, 145, 0, 5, '730 0 characters/Sammy-presenting.gif'),
(568, 4, 146, 0, 5, '-40 740 characters/Vine-swingers-motion3.gif'),
(569, 4, 111, 0, 5, '2'),
(570, 4, 112, 0, 5, '4'),
(571, 4, 76, 0, 5, 'Jung-L-Gym Starter Cage'),
(572, 4, 78, 0, 5, NULL),
(573, 4, 79, 0, 5, 'no_selection'),
(574, 4, 80, 0, 5, '/j/u/junglgym-premium-startr-cage-small.jpg'),
(575, 4, 81, 0, 5, '/j/u/jung-l-gym-start-r-cage-thumbnail.gif'),
(576, 4, 96, 0, 5, NULL),
(577, 4, 100, 0, 5, NULL),
(578, 4, 102, 0, 5, 'container2'),
(579, 4, 116, 0, 5, NULL),
(580, 4, 91, 1, 5, 'jungle-gym-starter-cage.html'),
(581, 4, 91, 0, 5, 'jungle-gym-starter-cage.html'),
(647, 4, 106, 0, 5, NULL),
(1087, 4, 150, 0, 3, '/s/t/startrkit-title_1.gif'),
(1114, 4, 151, 0, 3, 'no_selection'),
(1126, 4, 151, 0, 4, 'no_selection'),
(1127, 4, 150, 0, 4, '/e/z/ezgotravlcage-title.gif'),
(1148, 4, 151, 0, 5, 'no_selection'),
(1149, 4, 150, 0, 5, '/j/u/jung-l-gym-start-r-cage-title.gif'),
(1442, 4, 65, 0, 8, 'Glide-R-Gravy™ Instant Gourmet Superfood (6 mo. supply)'),
(1443, 4, 90, 0, 8, 'glider-gravy'),
(1444, 4, 110, 0, 8, NULL),
(1447, 4, 145, 0, 8, NULL),
(1448, 4, 146, 0, 8, NULL),
(1449, 4, 111, 0, 8, '2'),
(1450, 4, 112, 0, 8, '4'),
(1451, 4, 76, 0, 8, 'Glide-R-Gravy Instant Gourmet Superfood'),
(1452, 4, 78, 0, 8, NULL),
(1453, 4, 151, 0, 8, 'no_selection'),
(1454, 4, 81, 0, 8, '/g/l/glid-r-gravy-thumbnail.gif'),
(1455, 4, 80, 0, 8, '/g/l/glid-r-gravy-small.jpg'),
(1456, 4, 79, 0, 8, '/g/l/glid-r-gravy-main.jpg'),
(1457, 4, 150, 0, 8, '/g/l/glid-r-gravy-title.png'),
(1458, 4, 96, 0, 8, NULL),
(1459, 4, 100, 0, 8, NULL),
(1460, 4, 102, 0, 8, 'container2'),
(1461, 4, 116, 0, 8, NULL),
(1462, 4, 105, 0, 8, NULL),
(1463, 4, 106, 0, 8, NULL),
(1464, 4, 91, 1, 8, 'glider-gravy.html'),
(1465, 4, 91, 0, 8, 'glider-gravy.html'),
(1550, 4, 65, 0, 9, 'Run-O-Round™ Exercise Playwheel'),
(1551, 4, 90, 0, 9, 'run-around-playwheel'),
(1552, 4, 110, 0, 9, NULL),
(1555, 4, 145, 0, 9, '700 0 characters/Sidney-walking1.gif'),
(1556, 4, 146, 0, 9, NULL),
(1557, 4, 111, 0, 9, '2'),
(1558, 4, 112, 0, 9, '4'),
(1559, 4, 76, 0, 9, 'Run-O-Round Exercise Playwheel'),
(1560, 4, 78, 0, 9, NULL),
(1561, 4, 150, 0, 9, '/r/u/run-o-round-playwheel-title.gif'),
(1562, 4, 151, 0, 9, 'no_selection'),
(1563, 4, 79, 0, 9, '/r/u/run-o-round-playwheel-main.jpg'),
(1564, 4, 80, 0, 9, '/r/u/run-o-round-playwheel-small.jpg'),
(1565, 4, 81, 0, 9, '/r/u/run-a-round-playwheel-thumbnail.gif'),
(1566, 4, 96, 0, 9, NULL),
(1567, 4, 100, 0, 9, NULL),
(1568, 4, 102, 0, 9, 'container2'),
(1569, 4, 116, 0, 9, NULL),
(1570, 4, 91, 1, 9, 'run-around-playwheel.html'),
(1571, 4, 91, 0, 9, 'run-around-playwheel.html'),
(1572, 4, 105, 0, 9, NULL),
(1573, 4, 106, 0, 9, NULL),
(1746, 4, 65, 0, 10, 'EZ-Trim™ Automatic Nail Trimmer Insert'),
(1747, 4, 90, 0, 10, 'ez-trim-automatic-nail-trimmer-insert'),
(1748, 4, 110, 0, 10, NULL),
(1751, 4, 145, 0, 10, '1570 0 store/custom/save5.gif'),
(1752, 4, 146, 0, 10, NULL),
(1753, 4, 111, 0, 10, '2'),
(1754, 4, 112, 0, 10, '4'),
(1755, 4, 76, 0, 10, 'EZ-Trim Automatic Nail Trimmer Insert'),
(1756, 4, 78, 0, 10, NULL),
(1757, 4, 151, 0, 10, 'no_selection'),
(1758, 4, 81, 0, 10, '/e/z/ez-trim-insert-thumbnail.gif'),
(1759, 4, 150, 0, 10, '/e/z/ez-trim-insert-title.gif'),
(1760, 4, 79, 0, 10, '/e/z/ez-trim-insert-main.jpg'),
(1761, 4, 80, 0, 10, '/e/z/ez-trim-insert-small.jpg'),
(1762, 4, 96, 0, 10, NULL),
(1763, 4, 100, 0, 10, NULL),
(1764, 4, 102, 0, 10, 'container2'),
(1765, 4, 116, 0, 10, NULL),
(1766, 4, 105, 0, 10, NULL),
(1767, 4, 106, 0, 10, NULL),
(1768, 4, 91, 1, 10, 'ez-trim-automatic-nail-trimmer-insert.html'),
(1769, 4, 91, 0, 10, 'ez-trim-automatic-nail-trimmer-insert.html'),
(1770, 4, 65, 0, 11, 'Od-R-Gone™ Odor Eliminator'),
(1771, 4, 90, 0, 11, 'od-r-gone-odor-eliminator'),
(1772, 4, 110, 0, 11, NULL),
(1775, 4, 145, 0, 11, '670 0 characters/Sammy-flowers1.gif'),
(1776, 4, 146, 0, 11, '1050 0 store/custom/free-shipping.gif'),
(1777, 4, 111, 0, 11, '2'),
(1778, 4, 112, 0, 11, '4'),
(1779, 4, 76, 0, 11, 'Od-R Gone Odor Eliminator'),
(1780, 4, 78, 0, 11, NULL),
(1781, 4, 151, 0, 11, 'no_selection'),
(1782, 4, 81, 0, 11, '/o/d/od-r-gone-thumbnail.gif'),
(1783, 4, 150, 0, 11, '/o/d/od-r-gone-title.gif'),
(1784, 4, 79, 0, 11, '/o/d/od-r-gone-main.jpg'),
(1785, 4, 80, 0, 11, '/o/d/od-r-gone-small.gif'),
(1786, 4, 96, 0, 11, NULL),
(1787, 4, 100, 0, 11, NULL),
(1788, 4, 102, 0, 11, 'container2'),
(1789, 4, 116, 0, 11, NULL),
(1790, 4, 105, 0, 11, NULL),
(1791, 4, 106, 0, 11, NULL),
(1792, 4, 91, 1, 11, 'od-r-gone-odor-eliminator.html'),
(1793, 4, 91, 0, 11, 'od-r-gone-odor-eliminator.html'),
(1883, 4, 65, 0, 12, 'Sprink-L-Fresh™ Waste Tray Freshener: 3-Pack - 1 YEAR supply'),
(1884, 4, 90, 0, 12, 'sprinkle-fresh-waste-tray-freshener'),
(1885, 4, 110, 0, 12, NULL),
(1888, 4, 145, 0, 12, '750 0 characters/Sheila-eating1.gif'),
(1889, 4, 146, 0, 12, '1150 0 store/custom/save9.gif'),
(1890, 4, 111, 0, 12, '2'),
(1891, 4, 112, 0, 12, '4'),
(1892, 4, 76, 0, 12, 'Sprink-L-Fresh Waste Tray Freshener'),
(1893, 4, 78, 0, 12, NULL),
(1894, 4, 151, 0, 12, 'no_selection'),
(1895, 4, 81, 0, 12, '/s/p/sprink-l-fresh-thumbnail.gif'),
(1896, 4, 150, 0, 12, '/s/p/sprink-l-fresh-title.gif'),
(1897, 4, 79, 0, 12, '/s/p/sprink-l-fresh-main.jpg'),
(1898, 4, 80, 0, 12, '/s/p/sprink-l-fresh-small.gif'),
(1899, 4, 96, 0, 12, NULL),
(1900, 4, 100, 0, 12, NULL),
(1901, 4, 102, 0, 12, 'container2'),
(1902, 4, 116, 0, 12, NULL),
(1903, 4, 105, 0, 12, NULL),
(1904, 4, 106, 0, 12, NULL),
(1905, 4, 91, 1, 12, 'sprinkle-fresh-waste-tray-freshener.html'),
(1906, 4, 91, 0, 12, 'sprinkle-fresh-waste-tray-freshener.html'),
(2059, 4, 65, 0, 15, 'Jung-L-Gym™ Premium DOUBLE Cage - Black'),
(2060, 4, 90, 0, 15, 'jungle-gym-premium-double-cage'),
(2061, 4, 110, 0, 15, NULL),
(2064, 4, 145, 0, 15, NULL),
(2065, 4, 146, 0, 15, NULL),
(2066, 4, 111, 0, 15, '2'),
(2067, 4, 112, 0, 15, '4'),
(2068, 4, 76, 0, 15, NULL),
(2069, 4, 78, 0, 15, NULL),
(2070, 4, 151, 0, 15, 'no_selection'),
(2071, 4, 79, 0, 15, '/c/a/cage-color-black_1.jpg'),
(2072, 4, 81, 0, 15, 'no_selection'),
(2073, 4, 80, 0, 15, '/c/a/cage-color-black_1.jpg'),
(2074, 4, 150, 0, 15, 'no_selection'),
(2075, 4, 96, 0, 15, NULL),
(2076, 4, 100, 0, 15, NULL),
(2077, 4, 102, 0, 15, 'container2'),
(2078, 4, 116, 0, 15, NULL),
(2079, 4, 106, 0, 15, NULL),
(2080, 4, 91, 1, 15, 'jungle-gym-premium-double-cage.html'),
(2081, 4, 91, 0, 15, 'jungle-gym-premium-double-cage.html'),
(2251, 4, 65, 0, 17, 'Yuck-E-Stuff™ Behavioral Training Spray'),
(2252, 4, 90, 0, 17, 'yuck-e-stuff-behavioral-training-spray'),
(2253, 4, 110, 0, 17, NULL),
(2256, 4, 145, 0, 17, '1550 0 store/custom/free-shipping.gif'),
(2257, 4, 146, 0, 17, NULL),
(2258, 4, 111, 0, 17, '2'),
(2259, 4, 112, 0, 17, '4'),
(2260, 4, 76, 0, 17, 'Yuck-E-Stuff Behavioral Training Spray'),
(2261, 4, 78, 0, 17, NULL),
(2262, 4, 81, 0, 17, '/y/u/yuck-e-stuff-thumbnail.gif'),
(2263, 4, 151, 0, 17, '/y/u/yuck-e-stuff-top-progression.jpg'),
(2264, 4, 79, 0, 17, '/y/u/yuck-e-stuff-main.jpg'),
(2265, 4, 150, 0, 17, '/y/u/yuck-e-stuff-title.gif'),
(2266, 4, 80, 0, 17, '/y/u/yuck-e-stuff-small.gif'),
(2267, 4, 96, 0, 17, NULL),
(2268, 4, 100, 0, 17, NULL),
(2269, 4, 102, 0, 17, 'container2'),
(2270, 4, 116, 0, 17, NULL),
(2271, 4, 105, 0, 17, NULL),
(2272, 4, 106, 0, 17, NULL),
(2273, 4, 91, 1, 17, 'yuck-e-stuff-behavioral-training-spray.html'),
(2274, 4, 91, 0, 17, 'yuck-e-stuff-behavioral-training-spray.html'),
(2346, 4, 65, 0, 18, 'Squeak-E-Clean™ Quarterly Sterilization Spray'),
(2347, 4, 90, 0, 18, 'squeaky-clean-sterilization-spray'),
(2348, 4, 110, 0, 18, NULL),
(2351, 4, 145, 0, 18, '520 0 characters/Sidney-presenting-new.gif'),
(2352, 4, 146, 0, 18, '860 0 store/custom/free-shipping.gif'),
(2353, 4, 111, 0, 18, '2'),
(2354, 4, 112, 0, 18, '4'),
(2355, 4, 76, 0, 18, 'Squeak-E-Clean Sterilization Spray'),
(2356, 4, 78, 0, 18, NULL),
(2357, 4, 150, 0, 18, '/s/q/squeak-e-clean-title.gif'),
(2358, 4, 151, 0, 18, 'no_selection'),
(2359, 4, 79, 0, 18, '/s/q/squeak-e-clean-main.jpg'),
(2360, 4, 80, 0, 18, '/s/q/squeak-e-clean-small.jpg'),
(2361, 4, 81, 0, 18, '/s/q/squeak-e-clean-thumbnail.gif'),
(2362, 4, 96, 0, 18, NULL),
(2363, 4, 100, 0, 18, NULL),
(2364, 4, 102, 0, 18, 'container2'),
(2365, 4, 116, 0, 18, NULL),
(2366, 4, 91, 1, 18, 'squeaky-clean-sterilization-spray.html'),
(2367, 4, 91, 0, 18, 'squeaky-clean-sterilization-spray.html'),
(2368, 4, 105, 0, 18, NULL),
(2369, 4, 106, 0, 18, NULL),
(2430, 4, 65, 0, 19, 'Gran-OH-la!™ Dental Health Biscuits'),
(2431, 4, 90, 0, 19, 'granola-dental-health-biscuits'),
(2432, 4, 110, 0, 19, NULL),
(2435, 4, 145, 0, 19, '580 0 characters/sidney-eating-biscuit.gif'),
(2436, 4, 146, 0, 19, NULL),
(2437, 4, 111, 0, 19, '2'),
(2438, 4, 112, 0, 19, '4'),
(2439, 4, 76, 0, 19, 'Gran-OH-la Dental Health Biscuits'),
(2440, 4, 78, 0, 19, NULL),
(2441, 4, 150, 0, 19, '/g/r/gran-oh-la-biscuits-title.jpg'),
(2442, 4, 151, 0, 19, 'no_selection'),
(2443, 4, 79, 0, 19, '/g/r/gran-oh-la-biscuits-main.jpg'),
(2444, 4, 80, 0, 19, '/g/r/gran-oh-la-biscuits-small.jpg'),
(2445, 4, 81, 0, 19, '/g/r/gran-oh-la-thumbnail.gif'),
(2446, 4, 96, 0, 19, NULL),
(2447, 4, 100, 0, 19, NULL),
(2448, 4, 102, 0, 19, 'container2'),
(2449, 4, 116, 0, 19, NULL),
(2450, 4, 91, 1, 19, 'granola-dental-health-biscuits.html'),
(2451, 4, 91, 0, 19, 'granola-dental-health-biscuits.html'),
(2452, 4, 105, 0, 19, NULL),
(2453, 4, 106, 0, 19, NULL),
(2503, 4, 65, 0, 20, 'Yum-E-Treats™ Organic Snack Mix: 1 Year Supply'),
(2504, 4, 90, 0, 20, 'yummy-treats-organic-snack-mix'),
(2505, 4, 110, 0, 20, NULL),
(2508, 4, 145, 0, 20, '490 0 characters/Sidney-diving1.gif'),
(2509, 4, 146, 0, 20, NULL),
(2510, 4, 111, 0, 20, '2'),
(2511, 4, 112, 0, 20, '4'),
(2512, 4, 76, 0, 20, 'Yum-E-Treats Organic Snack Mix'),
(2513, 4, 78, 0, 20, NULL),
(2514, 4, 151, 0, 20, 'no_selection'),
(2515, 4, 81, 0, 20, '/y/u/yum-e-treat-mix-thumbnail.gif'),
(2516, 4, 79, 0, 20, '/y/u/yum-e-treats-mix-main.jpg'),
(2517, 4, 150, 0, 20, '/y/u/yum-e-treats-mix-title.gif'),
(2518, 4, 80, 0, 20, '/y/u/yum-e-treats-mix-small.jpg'),
(2519, 4, 96, 0, 20, NULL),
(2520, 4, 100, 0, 20, NULL),
(2521, 4, 102, 0, 20, 'container2'),
(2522, 4, 116, 0, 20, NULL),
(2523, 4, 105, 0, 20, NULL),
(2524, 4, 106, 0, 20, NULL),
(2525, 4, 91, 1, 20, 'yummy-treats-organic-snack-mix.html'),
(2526, 4, 91, 0, 20, 'yummy-treats-organic-snack-mix.html'),
(2561, 4, 65, 0, 21, 'F3: Fleece Forest Fun Pack™'),
(2562, 4, 90, 0, 21, 'f3-fleece-forest-fun-pack'),
(2563, 4, 110, 0, 21, NULL),
(2566, 4, 145, 0, 21, NULL),
(2567, 4, 146, 0, 21, NULL),
(2568, 4, 111, 0, 21, '2'),
(2569, 4, 112, 0, 21, '4'),
(2570, 4, 76, 0, 21, 'Fleece Forest Fun Pack'),
(2571, 4, 78, 0, 21, NULL),
(2572, 4, 151, 0, 21, 'no_selection'),
(2573, 4, 79, 0, 21, 'no_selection'),
(2574, 4, 81, 0, 21, '/f/l/fleece-forest-funpack-thumbnail.gif'),
(2575, 4, 150, 0, 21, '/f/l/fleece-forest-pack-title.gif'),
(2576, 4, 80, 0, 21, '/f/l/fleece-forest-pack-small.gif'),
(2577, 4, 96, 0, 21, NULL),
(2578, 4, 100, 0, 21, NULL),
(2579, 4, 102, 0, 21, 'container2'),
(2580, 4, 116, 0, 21, NULL),
(2581, 4, 106, 0, 21, NULL),
(2582, 4, 91, 1, 21, 'f3-fleece-forest-fun-pack.html'),
(2583, 4, 91, 0, 21, 'f3-fleece-forest-fun-pack.html'),
(2606, 4, 65, 0, 22, 'Cal-C-Yum™ All-in-One Nutrition "Kabob"'),
(2607, 4, 90, 0, 22, 'calcium-all-in-one-nutrition-kabob'),
(2608, 4, 110, 0, 22, NULL),
(2611, 4, 145, 0, 22, '600 0 characters/Sheila-diving-R1.gif'),
(2612, 4, 146, 0, 22, NULL),
(2613, 4, 111, 0, 22, '2'),
(2614, 4, 112, 0, 22, '4'),
(2615, 4, 76, 0, 22, 'Cal-C-Yum All-In-One Nutrition Kabob'),
(2616, 4, 78, 0, 22, NULL),
(2617, 4, 151, 0, 22, 'no_selection'),
(2618, 4, 81, 0, 22, '/c/a/cal-c-yum-thumbnail.gif'),
(2619, 4, 80, 0, 22, '/c/a/cal-c-yum-kabob-small.jpg'),
(2620, 4, 150, 0, 22, '/c/a/cal-c-yum-kabob-title.gif'),
(2621, 4, 79, 0, 22, '/c/a/cal-c-yum-kabob-main.jpg'),
(2622, 4, 96, 0, 22, NULL),
(2623, 4, 100, 0, 22, NULL),
(2624, 4, 102, 0, 22, 'container2'),
(2625, 4, 116, 0, 22, NULL),
(2626, 4, 105, 0, 22, NULL),
(2627, 4, 106, 0, 22, NULL),
(2628, 4, 91, 1, 22, 'calcium-all-in-one-nutrition-kabob.html'),
(2629, 4, 91, 0, 22, 'calcium-all-in-one-nutrition-kabob.html'),
(2697, 4, 65, 0, 23, 'Family Circle: "Full Access Pass"'),
(2698, 4, 90, 0, 23, 'family-circle-full-access-pass'),
(2701, 4, 145, 0, 23, NULL),
(2702, 4, 146, 0, 23, NULL),
(2703, 4, 111, 0, 23, '2'),
(2704, 4, 112, 0, 23, '4'),
(2705, 4, 76, 0, 23, 'Family Circle Full Access Pass'),
(2706, 4, 78, 0, 23, NULL),
(2707, 4, 151, 0, 23, 'no_selection'),
(2708, 4, 81, 0, 23, '/f/a/family-circle-thumbnail.gif'),
(2709, 4, 79, 0, 23, '/f/a/family-circle-main.jpg'),
(2710, 4, 150, 0, 23, '/f/a/family-circle-title.jpg'),
(2711, 4, 80, 0, 23, '/f/a/family-circle-small.jpg'),
(2712, 4, 96, 0, 23, NULL),
(2713, 4, 100, 0, 23, NULL),
(2714, 4, 102, 0, 23, 'container2'),
(2715, 4, 116, 0, 23, NULL),
(2716, 4, 105, 0, 23, NULL),
(2717, 4, 106, 0, 23, NULL),
(2718, 4, 91, 1, 23, 'family-circle-full-access-pass.html'),
(2719, 4, 91, 0, 23, 'family-circle-full-access-pass.html'),
(2764, 4, 65, 0, 24, 'Swing-N-Things™ 4-piece Basic Toy Package'),
(2765, 4, 90, 0, 24, 'swing-n-things-4-piece-toy-package'),
(2766, 4, 110, 0, 24, NULL),
(2769, 4, 145, 0, 24, '750 0 characters/Sidney-jumping1.gif'),
(2770, 4, 146, 0, 24, NULL),
(2771, 4, 111, 0, 24, '2'),
(2772, 4, 112, 0, 24, '4'),
(2773, 4, 76, 0, 24, 'Swing-N-Things Basic Toy Package - 4 pieces'),
(2774, 4, 78, 0, 24, NULL),
(2775, 4, 151, 0, 24, 'no_selection'),
(2776, 4, 79, 0, 24, 'no_selection'),
(2777, 4, 81, 0, 24, '/s/w/swing-n-things-4-thumbnail.gif'),
(2778, 4, 80, 0, 24, '/s/w/swing-n-things-4-toys-small.jpg'),
(2779, 4, 150, 0, 24, '/s/w/swing-n-things-4-toys-title.gif'),
(2780, 4, 96, 0, 24, NULL),
(2781, 4, 100, 0, 24, NULL),
(2782, 4, 102, 0, 24, 'container2'),
(2783, 4, 116, 0, 24, NULL),
(2784, 4, 106, 0, 24, NULL),
(2785, 4, 91, 1, 24, 'swing-n-things-4-piece-toy-package.html'),
(2786, 4, 91, 0, 24, 'swing-n-things-4-piece-toy-package.html'),
(2827, 4, 65, 0, 25, 'Swing-N-Things™ 3-piece Premium Toy Package'),
(2828, 4, 90, 0, 25, 'swing-n-things-3-piece-premium-toy-package'),
(2829, 4, 110, 0, 25, NULL),
(2832, 4, 145, 0, 25, '525 0 characters/Sheila-diving-R1.gif'),
(2833, 4, 146, 0, 25, NULL),
(2834, 4, 111, 0, 25, '2'),
(2835, 4, 112, 0, 25, '4'),
(2836, 4, 76, 0, 25, 'Swing-N-Things Premium Toy Package - 3 pieces'),
(2837, 4, 78, 0, 25, NULL),
(2838, 4, 151, 0, 25, 'no_selection'),
(2839, 4, 79, 0, 25, 'no_selection'),
(2840, 4, 81, 0, 25, '/s/w/swing-n-things-3-thumbnail.gif'),
(2841, 4, 150, 0, 25, '/s/w/swing-n-things-3-title.gif'),
(2842, 4, 80, 0, 25, '/s/w/swing-n-things-3-small.jpg'),
(2843, 4, 96, 0, 25, NULL),
(2844, 4, 100, 0, 25, NULL),
(2845, 4, 102, 0, 25, 'container2'),
(2846, 4, 116, 0, 25, NULL),
(2847, 4, 106, 0, 25, NULL),
(2848, 4, 91, 1, 25, 'swing-n-things-3-piece-premium-toy-package.html'),
(2849, 4, 91, 0, 25, 'swing-n-things-3-piece-premium-toy-package.html'),
(3037, 4, 107, 0, 8, NULL),
(3051, 4, 107, 0, 9, NULL),
(3064, 4, 107, 0, 10, NULL),
(3078, 4, 107, 0, 11, NULL),
(3090, 4, 107, 0, 12, NULL),
(3126, 4, 107, 0, 15, NULL),
(3149, 4, 107, 0, 17, NULL),
(3162, 4, 107, 0, 18, NULL),
(3174, 4, 107, 0, 19, NULL),
(3187, 4, 107, 0, 20, NULL),
(3200, 4, 107, 0, 21, NULL),
(3213, 4, 107, 0, 22, NULL),
(3226, 4, 107, 0, 23, NULL),
(3239, 4, 107, 0, 24, NULL),
(3251, 4, 107, 0, 25, NULL),
(3293, 4, 107, 0, 3, NULL),
(3306, 4, 107, 0, 4, NULL),
(3318, 4, 107, 0, 5, NULL),
(3329, 4, 65, 0, 29, 'One year supply of EZ Liners™'),
(3330, 4, 90, 0, 29, 'ez-liners'),
(3331, 4, 110, 0, 29, NULL),
(3334, 4, 145, 0, 29, '-30 700 characters/Vine-swingers-motion3.gif'),
(3335, 4, 146, 0, 29, '610 0 characters/Sammy-presenting.gif '),
(3336, 4, 76, 0, 29, 'EZ-Liners Cage Lining Sheets'),
(3337, 4, 78, 0, 29, NULL),
(3338, 4, 151, 0, 29, 'no_selection'),
(3339, 4, 79, 0, 29, 'no_selection'),
(3340, 4, 81, 0, 29, '/e/z/ez-liners-thumbnail_1.gif'),
(3341, 4, 80, 0, 29, '/e/z/ez-liners-small_1.jpg'),
(3342, 4, 150, 0, 29, '/e/z/ez-liners-title_1.gif'),
(3343, 4, 96, 0, 29, NULL),
(3344, 4, 100, 0, 29, NULL),
(3345, 4, 102, 0, 29, 'container2'),
(3346, 4, 116, 0, 29, NULL),
(3347, 4, 106, 0, 29, NULL),
(3348, 4, 91, 1, 29, 'ez-liners.html'),
(3349, 4, 91, 0, 29, 'ez-liners.html'),
(3555, 4, 107, 0, 29, NULL),
(3589, 4, 65, 0, 35, 'Jung-L-Gym™ Warm-N-Cozy™ Premium Cage Cover'),
(3590, 4, 90, 0, 35, 'jungle-gym-warm-and-cozy-cage-cover'),
(3591, 4, 110, 0, 35, NULL),
(3593, 4, 145, 0, 35, NULL),
(3594, 4, 146, 0, 35, NULL),
(3595, 4, 76, 0, 35, 'Jung-L-Gym Warm-N-Cozy Cage Covers'),
(3596, 4, 78, 0, 35, NULL),
(3597, 4, 151, 0, 35, 'no_selection'),
(3598, 4, 79, 0, 35, 'no_selection'),
(3599, 4, 150, 0, 35, '/w/a/warm-n-cozy-title.jpg'),
(3600, 4, 80, 0, 35, '/w/a/warm-n-cozy-small.jpg'),
(3601, 4, 81, 0, 35, '/w/a/warm-n-cozy-thumbnail.gif'),
(3602, 4, 96, 0, 35, NULL),
(3603, 4, 100, 0, 35, NULL),
(3604, 4, 102, 0, 35, 'container2'),
(3605, 4, 116, 0, 35, NULL),
(3606, 4, 106, 0, 35, NULL),
(3607, 4, 107, 0, 35, NULL),
(3608, 4, 91, 1, 35, 'jungle-gym-warm-and-cozy-cage-cover.html'),
(3609, 4, 91, 0, 35, 'jungle-gym-warm-and-cozy-cage-cover.html'),
(4282, 4, 65, 0, 51, 'EZ-Bond™ Walk-a-bout Pouch'),
(4283, 4, 90, 0, 51, 'ez-bond-walk-about-pouch'),
(4284, 4, 110, 0, 51, NULL),
(4286, 4, 145, 0, 51, '675 0 characters/Sammy-sleeping2.gif'),
(4287, 4, 146, 0, 51, NULL),
(4288, 4, 111, 0, 51, '2'),
(4289, 4, 112, 0, 51, '4'),
(4290, 4, 76, 0, 51, 'EZ-Bond Walk-a-bout Pouch'),
(4291, 4, 78, 0, 51, NULL),
(4292, 4, 150, 0, 51, '/e/z/ez-bond-pouch-title_2.gif'),
(4293, 4, 151, 0, 51, 'no_selection'),
(4294, 4, 79, 0, 51, '/e/z/ez-bond-pouch-main_2.jpg'),
(4295, 4, 80, 0, 51, '/e/z/ez-bond-pouch-small_2.jpg'),
(4296, 4, 81, 0, 51, '/e/z/ez-bond-pouch-thumbnail_2.gif'),
(4297, 4, 96, 0, 51, NULL),
(4298, 4, 100, 0, 51, NULL),
(4299, 4, 102, 0, 51, 'container2'),
(4300, 4, 116, 0, 51, NULL),
(4301, 4, 91, 1, 51, 'ez-bond-walk-about-pouch.html'),
(4302, 4, 91, 0, 51, 'ez-bond-walk-about-pouch.html'),
(4303, 4, 65, 0, 52, 'EZ-Bond™ Walk-a-bout Pouch - Black'),
(4304, 4, 110, 0, 52, NULL),
(4306, 4, 145, 0, 52, NULL),
(4307, 4, 146, 0, 52, NULL),
(4308, 4, 111, 0, 52, '2'),
(4309, 4, 112, 0, 52, '4'),
(4310, 4, 76, 0, 52, NULL),
(4311, 4, 78, 0, 52, NULL),
(4312, 4, 96, 0, 52, NULL),
(4313, 4, 100, 0, 52, NULL),
(4314, 4, 102, 0, 52, 'container2'),
(4315, 4, 116, 0, 52, NULL),
(4316, 4, 90, 0, 52, 'ez-bond-walk-about-pouch'),
(4317, 4, 91, 1, 52, 'ez-bond-walk-about-pouch-1.html'),
(4318, 4, 91, 0, 52, 'ez-bond-walk-about-pouch-1.html'),
(4319, 4, 65, 0, 53, 'EZ-Bond™ Walk-a-bout Pouch - Green'),
(4320, 4, 110, 0, 53, NULL),
(4322, 4, 145, 0, 53, NULL),
(4323, 4, 146, 0, 53, NULL),
(4324, 4, 111, 0, 53, '2'),
(4325, 4, 112, 0, 53, '4'),
(4326, 4, 76, 0, 53, NULL),
(4327, 4, 78, 0, 53, NULL),
(4328, 4, 96, 0, 53, NULL),
(4329, 4, 100, 0, 53, NULL),
(4330, 4, 102, 0, 53, 'container2'),
(4331, 4, 116, 0, 53, NULL),
(4332, 4, 90, 0, 53, 'ez-bond-walk-about-pouch'),
(4333, 4, 91, 1, 53, 'ez-bond-walk-about-pouch-2.html'),
(4334, 4, 91, 0, 53, 'ez-bond-walk-about-pouch-2.html'),
(4335, 4, 150, 0, 52, 'no_selection'),
(4336, 4, 151, 0, 52, 'no_selection'),
(4337, 4, 79, 0, 52, '/e/z/ez-bond-pouch-black_3.jpg'),
(4338, 4, 80, 0, 52, 'no_selection'),
(4339, 4, 81, 0, 52, '/e/z/ez-bond-pouch-black-thumbnail_3.gif'),
(4364, 4, 65, 0, 54, 'EZ-Bond™ Walk-a-bout Pouch - Blue'),
(4365, 4, 110, 0, 54, NULL),
(4367, 4, 145, 0, 54, NULL),
(4368, 4, 146, 0, 54, NULL),
(4369, 4, 111, 0, 54, '2'),
(4370, 4, 112, 0, 54, '4'),
(4371, 4, 76, 0, 54, NULL),
(4372, 4, 78, 0, 54, NULL),
(4373, 4, 96, 0, 54, NULL),
(4374, 4, 100, 0, 54, NULL),
(4375, 4, 102, 0, 54, 'container2'),
(4376, 4, 116, 0, 54, NULL),
(4377, 4, 90, 0, 54, 'ez-bond-walk-about-pouch'),
(4378, 4, 91, 1, 54, 'ez-bond-walk-about-pouch-3.html'),
(4379, 4, 91, 0, 54, 'ez-bond-walk-about-pouch-3.html'),
(4380, 4, 65, 0, 55, 'EZ-Bond™ Walk-a-bout Pouch - Light Pink'),
(4381, 4, 110, 0, 55, NULL),
(4383, 4, 145, 0, 55, NULL),
(4384, 4, 146, 0, 55, NULL),
(4385, 4, 111, 0, 55, '2'),
(4386, 4, 112, 0, 55, '4'),
(4387, 4, 76, 0, 55, NULL),
(4388, 4, 78, 0, 55, NULL),
(4389, 4, 96, 0, 55, NULL),
(4390, 4, 100, 0, 55, NULL),
(4391, 4, 102, 0, 55, 'container2'),
(4392, 4, 116, 0, 55, NULL),
(4393, 4, 90, 0, 55, 'ez-bond-walk-about-pouch'),
(4394, 4, 91, 1, 55, 'ez-bond-walk-about-pouch-4.html'),
(4395, 4, 91, 0, 55, 'ez-bond-walk-about-pouch-4.html'),
(4404, 4, 105, 0, 51, NULL),
(4405, 4, 106, 0, 51, NULL),
(4406, 4, 107, 0, 51, NULL),
(4419, 4, 150, 0, 55, 'no_selection'),
(4420, 4, 151, 0, 55, 'no_selection'),
(4421, 4, 80, 0, 55, 'no_selection'),
(4422, 4, 81, 0, 55, '/e/z/ez-bond-pouch-light-pink-thumbnail_2.gif'),
(4423, 4, 79, 0, 55, '/e/z/ez-bond-pouch-light-pink_2.jpg'),
(4424, 4, 105, 0, 55, NULL),
(4433, 4, 107, 0, 55, NULL),
(4444, 4, 150, 0, 54, 'no_selection'),
(4445, 4, 79, 0, 54, '/e/z/ez-bond-pouch-blue_3.jpg'),
(4446, 4, 80, 0, 54, 'no_selection'),
(4447, 4, 151, 0, 54, '/e/z/ez-bond-pouch-blue_3.jpg'),
(4448, 4, 81, 0, 54, '/e/z/ez-bond-pouch-blue-thumbnail_3.gif'),
(4449, 4, 107, 0, 54, NULL),
(4458, 4, 150, 0, 53, 'no_selection'),
(4459, 4, 151, 0, 53, 'no_selection'),
(4460, 4, 80, 0, 53, 'no_selection'),
(4461, 4, 79, 0, 53, '/e/z/ez-bond-pouch-green_3.jpg'),
(4462, 4, 81, 0, 53, '/e/z/ez-bond-pouch-green-thumbnail_3.gif'),
(4463, 4, 105, 0, 53, NULL),
(4464, 4, 107, 0, 53, NULL),
(4473, 4, 105, 0, 52, NULL),
(4474, 4, 107, 0, 52, NULL),
(4485, 4, 105, 0, 54, NULL),
(4547, 4, 65, 0, 57, 'Jung-L-Gym™ "Outback"'),
(4548, 4, 90, 0, 57, 'jungle-gym-outback-cage'),
(4549, 4, 110, 0, 57, NULL),
(4551, 4, 145, 0, 57, '1280 0 characters/Sidney-presenting1.gif'),
(4552, 4, 146, 0, 57, '2240 0 characters/Shayla-please1.gif'),
(4553, 4, 111, 0, 57, '2'),
(4554, 4, 112, 0, 57, '4'),
(4555, 4, 76, 0, 57, 'Jung-L-Gym Outback Cage'),
(4556, 4, 78, 0, 57, NULL),
(4557, 4, 79, 0, 57, 'no_selection'),
(4558, 4, 80, 0, 57, '/j/u/jung-l-gym-outback-small_2.jpg'),
(4559, 4, 151, 0, 57, '/j/u/jung-l-gym-outback-top-challenge_2.jpg'),
(4560, 4, 150, 0, 57, '/j/u/jung-l-gym-outback-title_2.gif'),
(4561, 4, 81, 0, 57, '/j/u/jung-l-gym-outback-thumbnail_2.gif'),
(4562, 4, 96, 0, 57, NULL),
(4563, 4, 100, 0, 57, NULL),
(4564, 4, 102, 0, 57, 'container2'),
(4565, 4, 116, 0, 57, NULL),
(4566, 4, 106, 0, 57, NULL),
(4567, 4, 107, 0, 57, NULL),
(4568, 4, 91, 1, 57, 'jungle-gym-outback-cage.html'),
(4569, 4, 91, 0, 57, 'jungle-gym-outback-cage.html'),
(4579, 4, 65, 0, 58, 'Jung-L-Gym™ "Outback" - Black'),
(4580, 4, 110, 0, 58, NULL),
(4582, 4, 145, 0, 58, NULL),
(4583, 4, 146, 0, 58, NULL),
(4584, 4, 111, 0, 58, '2'),
(4585, 4, 112, 0, 58, '4'),
(4586, 4, 76, 0, 58, NULL),
(4587, 4, 78, 0, 58, NULL),
(4588, 4, 96, 0, 58, NULL),
(4589, 4, 100, 0, 58, NULL),
(4590, 4, 102, 0, 58, 'container2'),
(4591, 4, 116, 0, 58, NULL),
(4592, 4, 90, 0, 58, 'jungle-gym-outback-cage'),
(4593, 4, 91, 1, 58, 'jungle-gym-outback-cage-1.html'),
(4594, 4, 91, 0, 58, 'jungle-gym-outback-cage-1.html'),
(4595, 4, 150, 0, 58, 'no_selection'),
(4596, 4, 151, 0, 58, 'no_selection'),
(4597, 4, 80, 0, 58, 'no_selection'),
(4598, 4, 81, 0, 58, 'no_selection'),
(4599, 4, 79, 0, 58, '/c/a/cage-color-black.jpg'),
(4600, 4, 105, 0, 58, NULL),
(4647, 4, 105, 0, 15, NULL),
(4661, 4, 65, 0, 59, 'Jung-L-Gym™ Premium DOUBLE Cage'),
(4662, 4, 90, 0, 59, 'jungle-gym-premium-double-cage'),
(4663, 4, 110, 0, 59, NULL),
(4665, 4, 145, 0, 59, '700 -30 characters/Sidney-presenting1.gif'),
(4666, 4, 146, 0, 59, NULL),
(4667, 4, 111, 0, 59, '2'),
(4668, 4, 112, 0, 59, '4'),
(4669, 4, 76, 0, 59, 'Jung-L-Gym Double Cage'),
(4670, 4, 78, 0, 59, NULL),
(4671, 4, 151, 0, 59, 'no_selection'),
(4672, 4, 79, 0, 59, 'no_selection'),
(4673, 4, 150, 0, 59, '/j/u/jung-l-gym-double-title_1.gif'),
(4674, 4, 80, 0, 59, '/j/u/jung-l-gym-double-small_1.jpg'),
(4675, 4, 81, 0, 59, '/j/u/jung-l-gym-double-thumbnail.gif'),
(4676, 4, 96, 0, 59, NULL),
(4677, 4, 100, 0, 59, NULL),
(4678, 4, 102, 0, 59, 'container2'),
(4679, 4, 116, 0, 59, NULL),
(4680, 4, 106, 0, 59, NULL),
(4681, 4, 107, 0, 59, NULL),
(4682, 4, 91, 1, 59, 'jungle-gym-premium-double-cage-1.html'),
(4683, 4, 91, 0, 59, 'jungle-gym-premium-double-cage-1.html'),
(4744, 4, 65, 0, 60, 'Jung-L-Gym™ Premium SINGLE Cage'),
(4745, 4, 90, 0, 60, 'jungle-gym-premium-single-cage'),
(4746, 4, 110, 0, 60, NULL),
(4748, 4, 145, 0, 60, '2300 -30 characters/Sidney-jumping1.gif'),
(4749, 4, 146, 0, 60, NULL),
(4750, 4, 111, 0, 60, '2'),
(4751, 4, 112, 0, 60, '4'),
(4752, 4, 76, 0, 60, 'Jung-L-Gym Single Cage'),
(4753, 4, 78, 0, 60, NULL),
(4754, 4, 79, 0, 60, 'no_selection'),
(4755, 4, 80, 0, 60, '/j/u/jung-l-gym-single-small_1.jpg'),
(4756, 4, 151, 0, 60, '/j/u/jung-l-gym-single-top1_1.jpg'),
(4757, 4, 150, 0, 60, '/j/u/jung-l-gym-single-title_2.gif'),
(4758, 4, 81, 0, 60, '/j/u/jung-l-gym-single-thumbnail.gif'),
(4759, 4, 96, 0, 60, NULL),
(4760, 4, 100, 0, 60, NULL),
(4761, 4, 102, 0, 60, 'container2'),
(4762, 4, 116, 0, 60, NULL),
(4763, 4, 106, 0, 60, NULL),
(4764, 4, 107, 0, 60, NULL),
(4765, 4, 91, 1, 60, 'jungle-gym-premium-single-cage.html'),
(4766, 4, 91, 0, 60, 'jungle-gym-premium-single-cage.html'),
(4767, 4, 65, 0, 61, 'Jung-L-Gym™ Premium SINGLE Cage - Black'),
(4768, 4, 110, 0, 61, NULL),
(4770, 4, 145, 0, 61, NULL),
(4771, 4, 146, 0, 61, NULL),
(4772, 4, 111, 0, 61, '2'),
(4773, 4, 112, 0, 61, '4'),
(4774, 4, 76, 0, 61, NULL),
(4775, 4, 78, 0, 61, NULL),
(4776, 4, 96, 0, 61, NULL),
(4777, 4, 100, 0, 61, NULL),
(4778, 4, 102, 0, 61, 'container2'),
(4779, 4, 116, 0, 61, NULL),
(4780, 4, 90, 0, 61, 'jungle-gym-premium-single-cage'),
(4781, 4, 91, 1, 61, 'jungle-gym-premium-single-cage-1.html'),
(4782, 4, 91, 0, 61, 'jungle-gym-premium-single-cage-1.html'),
(4783, 4, 65, 0, 62, 'Jung-L-Gym™ Premium SINGLE Cage - Brass'),
(4784, 4, 110, 0, 62, NULL),
(4786, 4, 145, 0, 62, NULL),
(4787, 4, 146, 0, 62, NULL),
(4788, 4, 111, 0, 62, '2'),
(4789, 4, 112, 0, 62, '4'),
(4790, 4, 76, 0, 62, NULL),
(4791, 4, 78, 0, 62, NULL),
(4792, 4, 96, 0, 62, NULL),
(4793, 4, 100, 0, 62, NULL),
(4794, 4, 102, 0, 62, 'container2'),
(4795, 4, 116, 0, 62, NULL),
(4796, 4, 90, 0, 62, 'jungle-gym-premium-single-cage'),
(4797, 4, 91, 1, 62, 'jungle-gym-premium-single-cage-2.html'),
(4798, 4, 91, 0, 62, 'jungle-gym-premium-single-cage-2.html'),
(4799, 4, 65, 0, 63, 'Jung-L-Gym™ Premium SINGLE Cage - Platinum'),
(4800, 4, 110, 0, 63, NULL),
(4802, 4, 145, 0, 63, NULL),
(4803, 4, 146, 0, 63, NULL),
(4804, 4, 111, 0, 63, '2'),
(4805, 4, 112, 0, 63, '4'),
(4806, 4, 76, 0, 63, NULL),
(4807, 4, 78, 0, 63, NULL),
(4808, 4, 96, 0, 63, NULL),
(4809, 4, 100, 0, 63, NULL),
(4810, 4, 102, 0, 63, 'container2'),
(4811, 4, 116, 0, 63, NULL),
(4812, 4, 90, 0, 63, 'jungle-gym-premium-single-cage'),
(4813, 4, 91, 1, 63, 'jungle-gym-premium-single-cage-3.html'),
(4814, 4, 91, 0, 63, 'jungle-gym-premium-single-cage-3.html'),
(4815, 4, 65, 0, 64, 'Jung-L-Gym™ Premium SINGLE Cage - White'),
(4816, 4, 110, 0, 64, NULL),
(4818, 4, 145, 0, 64, NULL),
(4819, 4, 146, 0, 64, NULL),
(4820, 4, 111, 0, 64, '2'),
(4821, 4, 112, 0, 64, '4'),
(4822, 4, 76, 0, 64, NULL),
(4823, 4, 78, 0, 64, NULL),
(4824, 4, 96, 0, 64, NULL),
(4825, 4, 100, 0, 64, NULL),
(4826, 4, 102, 0, 64, 'container2'),
(4827, 4, 116, 0, 64, NULL),
(4828, 4, 90, 0, 64, 'jungle-gym-premium-single-cage'),
(4829, 4, 91, 1, 64, 'jungle-gym-premium-single-cage-4.html'),
(4830, 4, 91, 0, 64, 'jungle-gym-premium-single-cage-4.html'),
(4841, 4, 150, 0, 61, 'no_selection'),
(4842, 4, 151, 0, 61, 'no_selection'),
(4843, 4, 80, 0, 61, 'no_selection'),
(4844, 4, 81, 0, 61, 'no_selection'),
(4845, 4, 79, 0, 61, '/c/a/cage-color-black_2.jpg'),
(4846, 4, 105, 0, 61, NULL),
(4855, 4, 150, 0, 62, 'no_selection'),
(4856, 4, 151, 0, 62, 'no_selection'),
(4857, 4, 80, 0, 62, 'no_selection'),
(4858, 4, 81, 0, 62, 'no_selection'),
(4859, 4, 79, 0, 62, '/c/a/cage-color-brass.jpg'),
(4860, 4, 105, 0, 62, NULL),
(4869, 4, 150, 0, 63, 'no_selection'),
(4870, 4, 151, 0, 63, 'no_selection'),
(4871, 4, 80, 0, 63, 'no_selection'),
(4872, 4, 81, 0, 63, 'no_selection'),
(4873, 4, 79, 0, 63, '/c/a/cage-color-platinum.jpg'),
(4874, 4, 105, 0, 63, NULL),
(4883, 4, 150, 0, 64, 'no_selection'),
(4884, 4, 151, 0, 64, 'no_selection'),
(4885, 4, 80, 0, 64, 'no_selection'),
(4886, 4, 81, 0, 64, 'no_selection'),
(4887, 4, 79, 0, 64, '/c/a/cage-color-white.jpg'),
(4888, 4, 105, 0, 64, NULL),
(4907, 4, 65, 0, 65, 'Blank-EZ™ - Black'),
(4908, 4, 90, 0, 65, 'pair-of-blankez'),
(4909, 4, 110, 0, 65, NULL),
(4911, 4, 145, 0, 65, NULL),
(4912, 4, 146, 0, 65, NULL),
(4913, 4, 111, 0, 65, '2'),
(4914, 4, 112, 0, 65, '4'),
(4915, 4, 76, 0, 65, NULL),
(4916, 4, 78, 0, 65, NULL),
(4917, 4, 150, 0, 65, 'no_selection'),
(4918, 4, 151, 0, 65, 'no_selection'),
(4919, 4, 80, 0, 65, 'no_selection'),
(4920, 4, 81, 0, 65, 'no_selection'),
(4921, 4, 79, 0, 65, '/b/l/blank-ez-black.jpg'),
(4922, 4, 96, 0, 65, NULL),
(4923, 4, 100, 0, 65, NULL),
(4924, 4, 102, 0, 65, 'container2'),
(4925, 4, 116, 0, 65, NULL),
(4926, 4, 105, 0, 65, NULL),
(4927, 4, 91, 1, 65, 'pair-of-blankez.html'),
(4928, 4, 91, 0, 65, 'pair-of-blankez.html'),
(4929, 4, 65, 0, 66, 'Blank-EZ™ - Green'),
(4930, 4, 76, 0, 66, NULL),
(4931, 4, 78, 0, 66, NULL),
(4932, 4, 79, 0, 66, '/b/l/blank-ez-green.jpg'),
(4933, 4, 80, 0, 66, 'no_selection'),
(4934, 4, 81, 0, 66, 'no_selection'),
(4935, 4, 90, 0, 66, 'pair-of-blankez'),
(4936, 4, 91, 0, 66, 'pair-of-blankez-1.html'),
(4937, 4, 96, 0, 66, NULL),
(4938, 4, 100, 0, 66, NULL),
(4939, 4, 102, 0, 66, 'container2'),
(4940, 4, 105, 0, 66, NULL),
(4941, 4, 110, 0, 66, NULL),
(4942, 4, 111, 0, 66, '2'),
(4943, 4, 112, 0, 66, '4'),
(4944, 4, 116, 0, 66, NULL),
(4946, 4, 145, 0, 66, NULL),
(4947, 4, 146, 0, 66, NULL),
(4948, 4, 150, 0, 66, 'no_selection'),
(4949, 4, 151, 0, 66, 'no_selection'),
(4950, 4, 91, 1, 66, 'pair-of-blankez-1.html'),
(4965, 4, 65, 0, 67, 'Blank-EZ™ - Yellow'),
(4966, 4, 76, 0, 67, NULL),
(4967, 4, 78, 0, 67, NULL),
(4968, 4, 79, 0, 67, '/b/l/blank-ez-yellow.jpg'),
(4969, 4, 80, 0, 67, 'no_selection'),
(4970, 4, 81, 0, 67, 'no_selection'),
(4971, 4, 90, 0, 67, 'pair-of-blankez'),
(4972, 4, 91, 0, 67, 'pair-of-blankez-2.html'),
(4973, 4, 96, 0, 67, NULL),
(4974, 4, 100, 0, 67, NULL),
(4975, 4, 102, 0, 67, 'container2'),
(4976, 4, 105, 0, 67, NULL),
(4977, 4, 110, 0, 67, NULL),
(4978, 4, 111, 0, 67, '2'),
(4979, 4, 112, 0, 67, '4'),
(4980, 4, 116, 0, 67, NULL),
(4982, 4, 145, 0, 67, NULL),
(4983, 4, 146, 0, 67, NULL),
(4984, 4, 150, 0, 67, 'no_selection'),
(4985, 4, 151, 0, 67, 'no_selection'),
(4986, 4, 91, 1, 67, 'pair-of-blankez-2.html'),
(5001, 4, 65, 0, 68, 'Blank-EZ™ - Pink'),
(5002, 4, 76, 0, 68, NULL),
(5003, 4, 78, 0, 68, NULL),
(5004, 4, 79, 0, 68, '/b/l/blank-ez-pink.jpg'),
(5005, 4, 80, 0, 68, 'no_selection'),
(5006, 4, 81, 0, 68, 'no_selection'),
(5007, 4, 90, 0, 68, 'pair-of-blankez'),
(5008, 4, 91, 0, 68, 'pair-of-blankez-3.html'),
(5009, 4, 96, 0, 68, NULL),
(5010, 4, 100, 0, 68, NULL),
(5011, 4, 102, 0, 68, 'container2'),
(5012, 4, 105, 0, 68, NULL),
(5013, 4, 110, 0, 68, NULL),
(5014, 4, 111, 0, 68, '2'),
(5015, 4, 112, 0, 68, '4'),
(5016, 4, 116, 0, 68, NULL),
(5018, 4, 145, 0, 68, NULL),
(5019, 4, 146, 0, 68, NULL),
(5020, 4, 150, 0, 68, 'no_selection'),
(5021, 4, 151, 0, 68, 'no_selection'),
(5022, 4, 91, 1, 68, 'pair-of-blankez-3.html'),
(5142, 4, 65, 0, 70, 'Pair of Blank-EZ™'),
(5143, 4, 90, 0, 70, 'pair-of-blankez'),
(5144, 4, 110, 0, 70, NULL),
(5146, 4, 145, 0, 70, '700 -30 characters/Sammy-presenting.gif'),
(5147, 4, 146, 0, 70, NULL),
(5148, 4, 111, 0, 70, '0'),
(5149, 4, 112, 0, 70, '4'),
(5150, 4, 76, 0, 70, 'Blank-EZ blankets'),
(5151, 4, 78, 0, 70, NULL),
(5152, 4, 150, 0, 70, '/b/l/blank-ez-title_1.gif'),
(5153, 4, 151, 0, 70, 'no_selection'),
(5154, 4, 79, 0, 70, 'no_selection'),
(5155, 4, 80, 0, 70, '/b/l/blank-ez-small_1.gif'),
(5156, 4, 81, 0, 70, '/b/l/blank-ez-thumbnail_1.gif'),
(5157, 4, 96, 0, 70, NULL),
(5158, 4, 100, 0, 70, NULL),
(5159, 4, 102, 0, 70, 'container2'),
(5160, 4, 116, 0, 70, NULL),
(5161, 4, 91, 1, 70, 'pair-of-blankez-4.html'),
(5162, 4, 91, 0, 70, 'pair-of-blankez-4.html'),
(5163, 4, 106, 0, 70, NULL),
(5164, 4, 107, 0, 70, NULL),
(5240, 4, 65, 0, 71, 'Warm-N-Cozy™ Premium Starter Cage Cover - Blue'),
(5241, 4, 90, 0, 71, 'jungle-gym-warm-and-cozy-cage-cover'),
(5242, 4, 110, 0, 71, NULL),
(5244, 4, 145, 0, 71, NULL),
(5245, 4, 146, 0, 71, NULL),
(5246, 4, 111, 0, 71, '2'),
(5247, 4, 112, 0, 71, '4'),
(5248, 4, 76, 0, 71, NULL),
(5249, 4, 78, 0, 71, NULL),
(5250, 4, 150, 0, 71, 'no_selection'),
(5251, 4, 151, 0, 71, 'no_selection'),
(5252, 4, 80, 0, 71, 'no_selection'),
(5253, 4, 81, 0, 71, 'no_selection'),
(5254, 4, 79, 0, 71, '/w/a/warm-n-cozy-cover-color-blue.jpg'),
(5255, 4, 96, 0, 71, NULL),
(5256, 4, 100, 0, 71, NULL),
(5257, 4, 102, 0, 71, 'container2'),
(5258, 4, 116, 0, 71, NULL),
(5259, 4, 105, 0, 71, NULL),
(5260, 4, 91, 1, 71, 'jungle-gym-warm-and-cozy-cage-cover-1.html'),
(5261, 4, 91, 0, 71, 'jungle-gym-warm-and-cozy-cage-cover-1.html'),
(5262, 4, 65, 0, 72, 'Warm-N-Cozy™ Premium Starter Cage Cover - Black'),
(5263, 4, 76, 0, 72, NULL),
(5264, 4, 78, 0, 72, NULL),
(5265, 4, 79, 0, 72, '/w/a/warm-n-cozy-cover-color-black.jpg'),
(5266, 4, 80, 0, 72, 'no_selection'),
(5267, 4, 81, 0, 72, 'no_selection'),
(5268, 4, 90, 0, 72, 'jungle-gym-warm-and-cozy-cage-cover'),
(5269, 4, 91, 0, 72, 'jungle-gym-warm-and-cozy-cage-cover-2.html'),
(5270, 4, 96, 0, 72, NULL),
(5271, 4, 100, 0, 72, NULL),
(5272, 4, 102, 0, 72, 'container2'),
(5273, 4, 105, 0, 72, NULL),
(5274, 4, 110, 0, 72, NULL),
(5275, 4, 111, 0, 72, '2'),
(5276, 4, 112, 0, 72, '4'),
(5277, 4, 116, 0, 72, NULL),
(5279, 4, 145, 0, 72, NULL),
(5280, 4, 146, 0, 72, NULL),
(5281, 4, 150, 0, 72, 'no_selection'),
(5282, 4, 151, 0, 72, 'no_selection'),
(5283, 4, 91, 1, 72, 'jungle-gym-warm-and-cozy-cage-cover-2.html'),
(5319, 4, 65, 0, 73, 'Warm-N-Cozy™ Premium SINGLE Cage Cover - Black'),
(5320, 4, 76, 0, 73, NULL),
(5321, 4, 78, 0, 73, NULL),
(5322, 4, 79, 0, 73, '/w/a/warm-n-cozy-cover-color-black_1.jpg'),
(5323, 4, 80, 0, 73, 'no_selection'),
(5324, 4, 81, 0, 73, 'no_selection'),
(5325, 4, 90, 0, 73, 'jungle-gym-warm-and-cozy-cage-cover'),
(5326, 4, 91, 0, 73, 'jungle-gym-warm-and-cozy-cage-cover-3.html'),
(5327, 4, 96, 0, 73, NULL),
(5328, 4, 100, 0, 73, NULL),
(5329, 4, 102, 0, 73, 'container2'),
(5330, 4, 105, 0, 73, NULL),
(5331, 4, 110, 0, 73, NULL),
(5332, 4, 111, 0, 73, '2'),
(5333, 4, 112, 0, 73, '4'),
(5334, 4, 116, 0, 73, NULL),
(5336, 4, 145, 0, 73, NULL),
(5337, 4, 146, 0, 73, NULL),
(5338, 4, 150, 0, 73, 'no_selection'),
(5339, 4, 151, 0, 73, 'no_selection'),
(5340, 4, 91, 1, 73, 'jungle-gym-warm-and-cozy-cage-cover-3.html'),
(5355, 4, 65, 0, 74, 'Warm-N-Cozy™ Premium SINGLE Cage Cover - Blue'),
(5356, 4, 76, 0, 74, NULL),
(5357, 4, 78, 0, 74, NULL),
(5358, 4, 79, 0, 74, '/w/a/warm-n-cozy-cover-color-blue_2.jpg'),
(5359, 4, 80, 0, 74, 'no_selection'),
(5360, 4, 81, 0, 74, 'no_selection'),
(5361, 4, 90, 0, 74, 'jungle-gym-warm-and-cozy-cage-cover'),
(5362, 4, 91, 0, 74, 'jungle-gym-warm-and-cozy-cage-cover-4.html'),
(5363, 4, 96, 0, 74, NULL),
(5364, 4, 100, 0, 74, NULL),
(5365, 4, 102, 0, 74, 'container2'),
(5366, 4, 105, 0, 74, NULL),
(5367, 4, 110, 0, 74, NULL),
(5368, 4, 111, 0, 74, '2'),
(5369, 4, 112, 0, 74, '4'),
(5370, 4, 116, 0, 74, NULL),
(5372, 4, 145, 0, 74, NULL),
(5373, 4, 146, 0, 74, NULL),
(5374, 4, 150, 0, 74, 'no_selection'),
(5375, 4, 151, 0, 74, 'no_selection'),
(5376, 4, 91, 1, 74, 'jungle-gym-warm-and-cozy-cage-cover-4.html'),
(5401, 4, 65, 0, 75, 'Warm-N-Cozy™ Premium DOUBLE Cage Cover - Blue'),
(5402, 4, 76, 0, 75, NULL),
(5403, 4, 78, 0, 75, NULL),
(5404, 4, 79, 0, 75, '/w/a/warm-n-cozy-cover-color-blue_2_1.jpg'),
(5405, 4, 80, 0, 75, 'no_selection'),
(5406, 4, 81, 0, 75, 'no_selection'),
(5407, 4, 90, 0, 75, 'jungle-gym-warm-and-cozy-cage-cover'),
(5408, 4, 91, 0, 75, 'jungle-gym-warm-and-cozy-cage-cover-5.html'),
(5409, 4, 96, 0, 75, NULL),
(5410, 4, 100, 0, 75, NULL),
(5411, 4, 102, 0, 75, 'container2'),
(5412, 4, 105, 0, 75, NULL),
(5413, 4, 110, 0, 75, NULL),
(5414, 4, 111, 0, 75, '2'),
(5415, 4, 112, 0, 75, '4'),
(5416, 4, 116, 0, 75, NULL),
(5418, 4, 145, 0, 75, NULL),
(5419, 4, 146, 0, 75, NULL),
(5420, 4, 150, 0, 75, 'no_selection'),
(5421, 4, 151, 0, 75, 'no_selection'),
(5422, 4, 91, 1, 75, 'jungle-gym-warm-and-cozy-cage-cover-5.html'),
(5437, 4, 65, 0, 76, 'Warm-N-Cozy™ Premium DOUBLE Cage Cover - Black'),
(5438, 4, 76, 0, 76, NULL),
(5439, 4, 78, 0, 76, NULL),
(5440, 4, 79, 0, 76, '/w/a/warm-n-cozy-cover-color-black_2.jpg'),
(5441, 4, 80, 0, 76, 'no_selection'),
(5442, 4, 81, 0, 76, 'no_selection'),
(5443, 4, 90, 0, 76, 'jungle-gym-warm-and-cozy-cage-cover'),
(5444, 4, 91, 0, 76, 'jungle-gym-warm-and-cozy-cage-cover-6.html'),
(5445, 4, 96, 0, 76, NULL),
(5446, 4, 100, 0, 76, NULL),
(5447, 4, 102, 0, 76, 'container2'),
(5448, 4, 105, 0, 76, NULL),
(5449, 4, 110, 0, 76, NULL),
(5450, 4, 111, 0, 76, '2'),
(5451, 4, 112, 0, 76, '4'),
(5452, 4, 116, 0, 76, NULL),
(5454, 4, 145, 0, 76, NULL),
(5455, 4, 146, 0, 76, NULL),
(5456, 4, 150, 0, 76, 'no_selection'),
(5457, 4, 151, 0, 76, 'no_selection'),
(5458, 4, 91, 1, 76, 'jungle-gym-warm-and-cozy-cage-cover-6.html'),
(5503, 4, 65, 0, 77, 'Warm-N-Cozy™ Premium Starter Cage Cover'),
(5504, 4, 90, 0, 77, 'jungle-gym-warm-and-cozy-cage-cover'),
(5505, 4, 110, 0, 77, NULL),
(5507, 4, 145, 0, 77, NULL),
(5508, 4, 146, 0, 77, NULL),
(5509, 4, 111, 0, 77, '2'),
(5510, 4, 112, 0, 77, '4'),
(5511, 4, 76, 0, 77, NULL),
(5512, 4, 78, 0, 77, NULL),
(5513, 4, 150, 0, 77, 'no_selection'),
(5514, 4, 151, 0, 77, 'no_selection'),
(5515, 4, 80, 0, 77, 'no_selection'),
(5516, 4, 81, 0, 77, '/w/a/warm-n-cozy-cover-starter-thumbnail.gif'),
(5517, 4, 79, 0, 77, '/w/a/warm-n-cozy-cover-starter-cart.jpg'),
(5518, 4, 96, 0, 77, NULL),
(5519, 4, 100, 0, 77, NULL),
(5520, 4, 102, 0, 77, 'container2'),
(5521, 4, 116, 0, 77, NULL),
(5522, 4, 105, 0, 77, NULL),
(5523, 4, 91, 1, 77, 'jungle-gym-warm-and-cozy-cage-cover-7.html'),
(5524, 4, 91, 0, 77, 'jungle-gym-warm-and-cozy-cage-cover-7.html'),
(5525, 4, 65, 0, 78, 'Warm-N-Cozy™ Premium SINGLE Cage Cover'),
(5526, 4, 76, 0, 78, NULL),
(5527, 4, 78, 0, 78, NULL),
(5528, 4, 79, 0, 78, '/w/a/warm-n-cozy-cover-single-cart.jpg'),
(5529, 4, 80, 0, 78, 'no_selection'),
(5530, 4, 81, 0, 78, '/w/a/warm-n-cozy-cover-single-thumbnail.gif'),
(5531, 4, 90, 0, 78, 'jungle-gym-warm-and-cozy-cage-cover'),
(5532, 4, 91, 0, 78, 'jungle-gym-warm-and-cozy-cage-cover-8.html'),
(5533, 4, 96, 0, 78, NULL),
(5534, 4, 100, 0, 78, NULL),
(5535, 4, 102, 0, 78, 'container2'),
(5536, 4, 105, 0, 78, NULL),
(5537, 4, 110, 0, 78, NULL),
(5538, 4, 111, 0, 78, '2'),
(5539, 4, 112, 0, 78, '4'),
(5540, 4, 116, 0, 78, NULL),
(5542, 4, 145, 0, 78, NULL),
(5543, 4, 146, 0, 78, NULL),
(5544, 4, 150, 0, 78, 'no_selection'),
(5545, 4, 151, 0, 78, 'no_selection'),
(5546, 4, 91, 1, 78, 'jungle-gym-warm-and-cozy-cage-cover-8.html'),
(5571, 4, 65, 0, 79, 'Warm-N-Cozy™ Premium DOUBLE Cage Cover'),
(5572, 4, 76, 0, 79, NULL),
(5573, 4, 78, 0, 79, NULL),
(5574, 4, 79, 0, 79, '/w/a/warm-n-cozy-cover-double-cart.jpg'),
(5575, 4, 80, 0, 79, 'no_selection'),
(5576, 4, 81, 0, 79, '/w/a/warm-n-cozy-cover-double-thumbnail.gif'),
(5577, 4, 90, 0, 79, 'jungle-gym-warm-and-cozy-cage-cover'),
(5578, 4, 91, 0, 79, 'jungle-gym-warm-and-cozy-cage-cover-9.html'),
(5579, 4, 96, 0, 79, NULL),
(5580, 4, 100, 0, 79, NULL),
(5581, 4, 102, 0, 79, 'container2'),
(5582, 4, 105, 0, 79, NULL),
(5583, 4, 110, 0, 79, NULL),
(5584, 4, 111, 0, 79, '2'),
(5585, 4, 112, 0, 79, '4'),
(5586, 4, 116, 0, 79, NULL),
(5588, 4, 145, 0, 79, NULL),
(5589, 4, 146, 0, 79, NULL),
(5590, 4, 150, 0, 79, 'no_selection'),
(5591, 4, 151, 0, 79, 'no_selection'),
(5592, 4, 91, 1, 79, 'jungle-gym-warm-and-cozy-cage-cover-9.html'),
(5617, 4, 153, 0, 77, '/w/a/warm-n-cozy-cover-starter-cart.jpg'),
(5628, 4, 153, 0, 78, '/w/a/warm-n-cozy-cover-single-cart.jpg'),
(5639, 4, 153, 0, 79, '/w/a/warm-n-cozy-cover-double-cart.jpg'),
(5670, 4, 107, 0, 77, NULL),
(5682, 4, 107, 0, 78, NULL),
(5694, 4, 107, 0, 79, NULL),
(5706, 4, 65, 0, 80, 'ONE Year Supply EZ Liners™ for your Start-R-Cage™'),
(5707, 4, 90, 0, 80, 'ez-liners'),
(5708, 4, 110, 0, 80, NULL),
(5710, 4, 145, 0, 80, NULL),
(5711, 4, 146, 0, 80, NULL),
(5712, 4, 111, 0, 80, '2'),
(5713, 4, 112, 0, 80, '4'),
(5714, 4, 76, 0, 80, NULL),
(5715, 4, 78, 0, 80, NULL),
(5716, 4, 150, 0, 80, 'no_selection'),
(5717, 4, 151, 0, 80, 'no_selection'),
(5718, 4, 79, 0, 80, 'no_selection'),
(5719, 4, 80, 0, 80, 'no_selection'),
(5720, 4, 81, 0, 80, '/e/z/ez-liners-thumbnail_5.gif'),
(5721, 4, 153, 0, 80, '/e/z/ez-liners-starter-cart.jpg'),
(5722, 4, 96, 0, 80, NULL),
(5723, 4, 100, 0, 80, NULL),
(5724, 4, 102, 0, 80, 'container2'),
(5725, 4, 116, 0, 80, NULL),
(5726, 4, 107, 0, 80, NULL),
(5727, 4, 91, 1, 80, 'ez-liners-1.html'),
(5728, 4, 91, 0, 80, 'ez-liners-1.html'),
(5729, 4, 65, 0, 81, 'ONE Year Supply EZ Liners™ for your Single Cage™'),
(5730, 4, 76, 0, 81, NULL),
(5731, 4, 78, 0, 81, NULL),
(5732, 4, 79, 0, 81, 'no_selection'),
(5733, 4, 80, 0, 81, 'no_selection'),
(5734, 4, 81, 0, 81, '/e/z/ez-liners-thumbnail_5_1.gif'),
(5735, 4, 90, 0, 81, 'ez-liners'),
(5736, 4, 91, 0, 81, 'ez-liners-2.html'),
(5737, 4, 96, 0, 81, NULL),
(5738, 4, 100, 0, 81, NULL),
(5739, 4, 102, 0, 81, 'container2'),
(5740, 4, 107, 0, 81, NULL),
(5741, 4, 110, 0, 81, NULL),
(5742, 4, 111, 0, 81, '2'),
(5743, 4, 112, 0, 81, '4'),
(5744, 4, 116, 0, 81, NULL),
(5746, 4, 145, 0, 81, NULL),
(5747, 4, 146, 0, 81, NULL),
(5748, 4, 150, 0, 81, 'no_selection'),
(5749, 4, 151, 0, 81, 'no_selection'),
(5750, 4, 153, 0, 81, '/e/z/ez-liners-single-cart.jpg'),
(5751, 4, 91, 1, 81, 'ez-liners-2.html'),
(5767, 4, 65, 0, 82, 'ONE Year Supply EZ Liners™ for your Double Cage™'),
(5768, 4, 76, 0, 82, NULL),
(5769, 4, 78, 0, 82, NULL),
(5770, 4, 79, 0, 82, 'no_selection'),
(5771, 4, 80, 0, 82, 'no_selection'),
(5772, 4, 81, 0, 82, '/e/z/ez-liners-thumbnail_5_1_1.gif'),
(5773, 4, 90, 0, 82, 'ez-liners'),
(5774, 4, 91, 0, 82, 'ez-liners-3.html'),
(5775, 4, 96, 0, 82, NULL),
(5776, 4, 100, 0, 82, NULL),
(5777, 4, 102, 0, 82, 'container2'),
(5778, 4, 107, 0, 82, NULL),
(5779, 4, 110, 0, 82, NULL),
(5780, 4, 111, 0, 82, '2'),
(5781, 4, 112, 0, 82, '4'),
(5782, 4, 116, 0, 82, NULL),
(5784, 4, 145, 0, 82, NULL),
(5785, 4, 146, 0, 82, NULL),
(5786, 4, 150, 0, 82, 'no_selection'),
(5787, 4, 151, 0, 82, 'no_selection'),
(5788, 4, 153, 0, 82, '/e/z/ez-liners-double-cart.jpg'),
(5789, 4, 91, 1, 82, 'ez-liners-3.html'),
(5816, 4, 153, 0, 29, 'no_selection'),
(5868, 4, 65, 0, 84, 'Jung-L-Gym™ Ceramic Heat Dome (8 1/2 inch dome only)'),
(5869, 4, 76, 0, 84, NULL),
(5870, 4, 78, 0, 84, NULL),
(5871, 4, 79, 0, 84, 'no_selection'),
(5872, 4, 80, 0, 84, 'no_selection'),
(5873, 4, 81, 0, 84, '/h/e/heat-dome-thumbnail_1.gif'),
(5874, 4, 90, 0, 84, 'jungle-gym-ceramic-heat-lamp'),
(5875, 4, 91, 0, 84, 'jungle-gym-ceramic-heat-lamp-1.html'),
(5876, 4, 96, 0, 84, NULL),
(5877, 4, 100, 0, 84, NULL),
(5878, 4, 102, 0, 84, 'container2'),
(5879, 4, 107, 0, 84, NULL),
(5880, 4, 110, 0, 84, NULL),
(5881, 4, 111, 0, 84, '2'),
(5882, 4, 112, 0, 84, '4'),
(5883, 4, 116, 0, 84, NULL),
(5885, 4, 145, 0, 84, NULL),
(5886, 4, 146, 0, 84, NULL),
(5887, 4, 150, 0, 84, 'no_selection'),
(5888, 4, 151, 0, 84, 'no_selection'),
(5889, 4, 153, 0, 84, 'no_selection'),
(5890, 4, 91, 1, 84, 'jungle-gym-ceramic-heat-lamp-1.html'),
(5905, 4, 65, 0, 85, 'Jung-L-Gym™ Ceramic Heat Bulb (Bulb Only)'),
(5906, 4, 76, 0, 85, NULL),
(5907, 4, 78, 0, 85, NULL),
(5908, 4, 79, 0, 85, 'no_selection'),
(5909, 4, 80, 0, 85, 'no_selection'),
(5910, 4, 81, 0, 85, '/h/e/heat-lamp-bulb-thumbnail_1.gif'),
(5911, 4, 90, 0, 85, 'jungle-gym-ceramic-heat-lamp'),
(5912, 4, 91, 0, 85, 'jungle-gym-ceramic-heat-lamp-2.html'),
(5913, 4, 96, 0, 85, NULL),
(5914, 4, 100, 0, 85, NULL),
(5915, 4, 102, 0, 85, 'container2'),
(5916, 4, 107, 0, 85, NULL),
(5917, 4, 110, 0, 85, NULL),
(5918, 4, 111, 0, 85, '2'),
(5919, 4, 112, 0, 85, '4'),
(5920, 4, 116, 0, 85, NULL),
(5922, 4, 145, 0, 85, NULL),
(5923, 4, 146, 0, 85, NULL),
(5924, 4, 150, 0, 85, 'no_selection'),
(5925, 4, 151, 0, 85, 'no_selection'),
(5926, 4, 153, 0, 85, 'no_selection'),
(5927, 4, 91, 1, 85, 'jungle-gym-ceramic-heat-lamp-2.html'),
(5963, 4, 153, 0, 4, 'no_selection'),
(6073, 4, 65, 0, 88, 'Trav-L-Cage™ & Start-R-Kit™ Combo'),
(6074, 4, 90, 0, 88, 'ez-go-travel-cage-and-starter-kit-combo'),
(6075, 4, 110, 0, 88, NULL),
(6076, 4, 145, 0, 88, NULL),
(6077, 4, 146, 0, 88, NULL),
(6078, 4, 111, 0, 88, '0'),
(6079, 4, 112, 0, 88, '4'),
(6080, 4, 76, 0, 88, NULL),
(6081, 4, 78, 0, 88, NULL),
(6082, 4, 150, 0, 88, 'no_selection'),
(6083, 4, 151, 0, 88, 'no_selection'),
(6084, 4, 79, 0, 88, 'no_selection'),
(6085, 4, 153, 0, 88, 'no_selection'),
(6086, 4, 80, 0, 88, 'no_selection'),
(6087, 4, 81, 0, 88, '/t/r/trav-l-cage-combo-start-r-kit.jpg'),
(6088, 4, 96, 0, 88, NULL),
(6089, 4, 100, 0, 88, NULL),
(6090, 4, 102, 0, 88, 'container2'),
(6091, 4, 116, 0, 88, NULL),
(6092, 4, 91, 1, 88, 'ez-go-travel-cage-and-starter-kit-combo.html'),
(6093, 4, 91, 0, 88, 'ez-go-travel-cage-and-starter-kit-combo.html'),
(6127, 4, 65, 0, 89, 'Gran-OH-la!™ Dental Health Biscuits & Yum-E-Treats™ Combo'),
(6128, 4, 90, 0, 89, 'granola-and-yummy-treats-combo'),
(6129, 4, 110, 0, 89, NULL),
(6130, 4, 145, 0, 89, NULL),
(6131, 4, 146, 0, 89, NULL),
(6132, 4, 111, 0, 89, '0'),
(6133, 4, 112, 0, 89, '4'),
(6134, 4, 76, 0, 89, NULL),
(6135, 4, 78, 0, 89, NULL),
(6136, 4, 150, 0, 89, 'no_selection'),
(6137, 4, 151, 0, 89, 'no_selection'),
(6138, 4, 79, 0, 89, 'no_selection'),
(6139, 4, 153, 0, 89, 'no_selection'),
(6140, 4, 80, 0, 89, 'no_selection'),
(6141, 4, 81, 0, 89, '/y/u/yum-e-treats-combo-gran-oh-la-thumbnail.gif'),
(6142, 4, 96, 0, 89, NULL),
(6143, 4, 100, 0, 89, NULL),
(6144, 4, 102, 0, 89, 'container2'),
(6145, 4, 116, 0, 89, NULL),
(6146, 4, 91, 1, 89, 'granola-and-yummy-treats-combo.html'),
(6147, 4, 91, 0, 89, 'granola-and-yummy-treats-combo.html'),
(6148, 4, 153, 0, 20, 'no_selection'),
(6203, 4, 153, 0, 19, 'no_selection'),
(6244, 4, 65, 0, 90, 'ONE YEAR SUPPLY Sprink-L-Fresh™ & Od-R-Gone™ COMBO'),
(6245, 4, 90, 0, 90, 'odor-gone-and-sprinkle-fresh-combo'),
(6246, 4, 110, 0, 90, NULL),
(6247, 4, 145, 0, 90, NULL),
(6248, 4, 146, 0, 90, NULL),
(6249, 4, 111, 0, 90, '0'),
(6250, 4, 112, 0, 90, '4'),
(6251, 4, 76, 0, 90, NULL),
(6252, 4, 78, 0, 90, NULL),
(6253, 4, 150, 0, 90, 'no_selection'),
(6254, 4, 151, 0, 90, 'no_selection'),
(6255, 4, 79, 0, 90, 'no_selection'),
(6256, 4, 153, 0, 90, 'no_selection'),
(6257, 4, 80, 0, 90, 'no_selection'),
(6258, 4, 81, 0, 90, '/o/d/od-r-gone-combo-sprink-l-fresh-thumbnail.gif'),
(6259, 4, 96, 0, 90, NULL),
(6260, 4, 100, 0, 90, NULL),
(6261, 4, 102, 0, 90, 'container2'),
(6262, 4, 116, 0, 90, NULL),
(6263, 4, 107, 0, 90, NULL),
(6264, 4, 91, 1, 90, 'odor-gone-and-sprinkle-fresh-combo.html'),
(6265, 4, 91, 0, 90, 'odor-gone-and-sprinkle-fresh-combo.html'),
(6266, 4, 153, 0, 11, 'no_selection'),
(6286, 4, 159, 0, 11, '1290 0 store/custom/save9.gif'),
(6287, 4, 160, 0, 11, NULL),
(6327, 4, 153, 0, 12, 'no_selection'),
(6338, 4, 159, 0, 12, NULL),
(6339, 4, 160, 0, 12, NULL),
(6359, 4, 65, 0, 91, 'Run-O-Round™ & EZ-Trim™ COMBO'),
(6360, 4, 90, 0, 91, 'run-around-playwheel-and-automatic-nail-trimmer-combo'),
(6361, 4, 110, 0, 91, NULL),
(6362, 4, 145, 0, 91, NULL),
(6363, 4, 146, 0, 91, NULL),
(6364, 4, 159, 0, 91, NULL),
(6365, 4, 160, 0, 91, NULL),
(6366, 4, 111, 0, 91, '0'),
(6367, 4, 112, 0, 91, '4'),
(6368, 4, 76, 0, 91, NULL),
(6369, 4, 78, 0, 91, NULL),
(6370, 4, 150, 0, 91, 'no_selection'),
(6371, 4, 151, 0, 91, 'no_selection'),
(6372, 4, 79, 0, 91, 'no_selection'),
(6373, 4, 153, 0, 91, 'no_selection'),
(6374, 4, 80, 0, 91, 'no_selection'),
(6375, 4, 81, 0, 91, '/r/u/run-o-round-combo-nail-trimmer-thumbnail.gif'),
(6376, 4, 96, 0, 91, NULL),
(6377, 4, 100, 0, 91, NULL),
(6378, 4, 102, 0, 91, 'container2'),
(6379, 4, 116, 0, 91, NULL),
(6380, 4, 107, 0, 91, NULL),
(6381, 4, 91, 1, 91, 'run-around-playwheel-and-automatic-nail-trimmer-combo.html'),
(6382, 4, 91, 0, 91, 'run-around-playwheel-and-automatic-nail-trimmer-combo.html'),
(6383, 4, 159, 0, 10, NULL),
(6384, 4, 160, 0, 10, NULL),
(6385, 4, 153, 0, 10, 'no_selection'),
(6422, 4, 159, 0, 89, NULL),
(6423, 4, 160, 0, 89, NULL),
(6424, 4, 107, 0, 89, NULL),
(6445, 4, 65, 0, 92, 'Swing-N-Things™ 4-piece Basic Toy Package & Cal-C-Yum™ Kabob Combo'),
(6446, 4, 90, 0, 92, 'swing-n-things-4-piece-toy-set-and-calcium-kabob-combo'),
(6447, 4, 110, 0, 92, NULL),
(6448, 4, 145, 0, 92, NULL),
(6449, 4, 146, 0, 92, NULL),
(6450, 4, 159, 0, 92, NULL),
(6451, 4, 160, 0, 92, NULL),
(6452, 4, 111, 0, 92, '0'),
(6453, 4, 112, 0, 92, '4'),
(6454, 4, 76, 0, 92, NULL),
(6455, 4, 78, 0, 92, NULL),
(6456, 4, 150, 0, 92, 'no_selection'),
(6457, 4, 151, 0, 92, 'no_selection'),
(6458, 4, 79, 0, 92, 'no_selection'),
(6459, 4, 153, 0, 92, 'no_selection'),
(6460, 4, 80, 0, 92, 'no_selection'),
(6461, 4, 81, 0, 92, '/s/w/swing-and-things-4-combo-cal-c-yum-kabob-thumbnail.gif'),
(6462, 4, 96, 0, 92, NULL),
(6463, 4, 100, 0, 92, NULL),
(6464, 4, 102, 0, 92, 'container2'),
(6465, 4, 116, 0, 92, NULL),
(6466, 4, 107, 0, 92, NULL),
(6467, 4, 91, 1, 92, 'swing-n-things-4-piece-toy-set-and-calcium-kabob-combo.html'),
(6468, 4, 91, 0, 92, 'swing-n-things-4-piece-toy-set-and-calcium-kabob-combo.html'),
(6469, 4, 65, 0, 93, 'BOTH Swing-N-Things™ 3-piece Premium & 4-piece Basic Toy Package Combo'),
(6470, 4, 76, 0, 93, NULL),
(6471, 4, 78, 0, 93, NULL),
(6472, 4, 79, 0, 93, 'no_selection'),
(6473, 4, 80, 0, 93, 'no_selection'),
(6474, 4, 81, 0, 93, '/s/w/swing-and-things-4-combo-swing-and-things-3-thumbnail.gif'),
(6475, 4, 90, 0, 93, 'swing-n-things-3-and-4-piece-toy-set-combo'),
(6476, 4, 91, 0, 93, 'swing-n-things-3-and-4-piece-toy-set-combo.html'),
(6477, 4, 96, 0, 93, NULL),
(6478, 4, 100, 0, 93, NULL),
(6479, 4, 102, 0, 93, 'container2'),
(6480, 4, 107, 0, 93, NULL),
(6481, 4, 110, 0, 93, NULL),
(6482, 4, 111, 0, 93, '0'),
(6483, 4, 112, 0, 93, '4'),
(6484, 4, 116, 0, 93, NULL),
(6485, 4, 145, 0, 93, NULL),
(6486, 4, 146, 0, 93, NULL),
(6487, 4, 150, 0, 93, 'no_selection'),
(6488, 4, 151, 0, 93, 'no_selection'),
(6489, 4, 153, 0, 93, 'no_selection'),
(6490, 4, 159, 0, 93, NULL),
(6491, 4, 160, 0, 93, NULL),
(6492, 4, 91, 1, 93, 'swing-n-things-3-and-4-piece-toy-set-combo.html'),
(6508, 4, 65, 0, 94, 'BOTH Toy Packages & Cal-C-Yum™ Kabob COMBO'),
(6509, 4, 76, 0, 94, NULL),
(6510, 4, 78, 0, 94, NULL),
(6511, 4, 79, 0, 94, 'no_selection'),
(6512, 4, 80, 0, 94, 'no_selection'),
(6513, 4, 81, 0, 94, '/s/w/swing-and-things-3-and-4-combo-cal-c-yum-kabob-thumbnail_2.gif');
INSERT INTO `catalog_product_entity_varchar` (`value_id`, `entity_type_id`, `attribute_id`, `store_id`, `entity_id`, `value`) VALUES
(6514, 4, 90, 0, 94, 'swing-n-things-3-and-4-piece-toy-set-and-calcium-kabob-combo'),
(6515, 4, 91, 0, 94, 'swing-n-things-3-and-4-piece-toy-set-and-calcium-kabob-combo.html'),
(6516, 4, 96, 0, 94, NULL),
(6517, 4, 100, 0, 94, NULL),
(6518, 4, 102, 0, 94, 'container2'),
(6519, 4, 107, 0, 94, NULL),
(6520, 4, 110, 0, 94, NULL),
(6521, 4, 111, 0, 94, '0'),
(6522, 4, 112, 0, 94, '4'),
(6523, 4, 116, 0, 94, NULL),
(6524, 4, 145, 0, 94, NULL),
(6525, 4, 146, 0, 94, NULL),
(6526, 4, 150, 0, 94, 'no_selection'),
(6527, 4, 151, 0, 94, 'no_selection'),
(6528, 4, 153, 0, 94, 'no_selection'),
(6529, 4, 159, 0, 94, NULL),
(6530, 4, 160, 0, 94, NULL),
(6531, 4, 91, 1, 94, 'swing-n-things-3-and-4-piece-toy-set-and-calcium-kabob-combo.html'),
(6625, 4, 159, 0, 90, NULL),
(6626, 4, 160, 0, 90, NULL),
(6647, 4, 159, 0, 24, NULL),
(6648, 4, 160, 0, 24, NULL),
(6649, 4, 153, 0, 24, 'no_selection'),
(6736, 4, 65, 0, 95, '3 Piece Premium Swing-N-Things™ & Cal-C-Yum™ Kabob COMBO'),
(6737, 4, 76, 0, 95, NULL),
(6738, 4, 78, 0, 95, NULL),
(6739, 4, 79, 0, 95, 'no_selection'),
(6740, 4, 80, 0, 95, 'no_selection'),
(6741, 4, 81, 0, 95, '/s/w/swing-and-things-3-combo-cal-c-yum-kabob-thumbnail.gif'),
(6742, 4, 90, 0, 95, 'swing-n-things-3-piece-toy-set-and-calcium-kabob-combo'),
(6743, 4, 91, 0, 95, 'swing-n-things-3-piece-toy-set-and-calcium-kabob-combo.html'),
(6744, 4, 96, 0, 95, NULL),
(6745, 4, 100, 0, 95, NULL),
(6746, 4, 102, 0, 95, 'container2'),
(6747, 4, 107, 0, 95, NULL),
(6748, 4, 110, 0, 95, NULL),
(6749, 4, 111, 0, 95, '0'),
(6750, 4, 112, 0, 95, '4'),
(6751, 4, 116, 0, 95, NULL),
(6752, 4, 145, 0, 95, NULL),
(6753, 4, 146, 0, 95, NULL),
(6754, 4, 150, 0, 95, 'no_selection'),
(6755, 4, 151, 0, 95, 'no_selection'),
(6756, 4, 153, 0, 95, 'no_selection'),
(6757, 4, 159, 0, 95, NULL),
(6758, 4, 160, 0, 95, NULL),
(6759, 4, 91, 1, 95, 'swing-n-things-3-piece-toy-set-and-calcium-kabob-combo.html'),
(6786, 4, 159, 0, 25, NULL),
(6787, 4, 160, 0, 25, NULL),
(6788, 4, 153, 0, 25, 'no_selection'),
(6853, 4, 159, 0, 22, NULL),
(6854, 4, 160, 0, 22, NULL),
(6855, 4, 153, 0, 22, 'no_selection'),
(7034, 4, 159, 0, 4, NULL),
(7035, 4, 160, 0, 4, NULL),
(7268, 4, 159, 0, 5, NULL),
(7269, 4, 160, 0, 5, NULL),
(7270, 4, 153, 0, 5, 'no_selection'),
(7319, 4, 159, 0, 60, NULL),
(7320, 4, 160, 0, 60, NULL),
(7321, 4, 153, 0, 60, 'no_selection'),
(7386, 4, 159, 0, 59, NULL),
(7387, 4, 160, 0, 59, NULL),
(7388, 4, 153, 0, 59, 'no_selection'),
(7456, 4, 65, 0, 98, 'Jung-L-Gym™ Premium SINGLE Cage & Cage Cover Combo '),
(7457, 4, 90, 0, 98, 'jungle-gym-single-cage-and-warm-n-cozy-cover-combo'),
(7458, 4, 110, 0, 98, NULL),
(7459, 4, 145, 0, 98, NULL),
(7460, 4, 146, 0, 98, NULL),
(7461, 4, 159, 0, 98, NULL),
(7462, 4, 160, 0, 98, NULL),
(7463, 4, 111, 0, 98, '0'),
(7464, 4, 112, 0, 98, '4'),
(7465, 4, 76, 0, 98, NULL),
(7466, 4, 78, 0, 98, NULL),
(7467, 4, 150, 0, 98, 'no_selection'),
(7468, 4, 151, 0, 98, 'no_selection'),
(7469, 4, 79, 0, 98, 'no_selection'),
(7470, 4, 153, 0, 98, 'no_selection'),
(7471, 4, 80, 0, 98, 'no_selection'),
(7472, 4, 81, 0, 98, '/j/u/jung-l-single-combo-cover-thumbnail_2.gif'),
(7473, 4, 96, 0, 98, NULL),
(7474, 4, 100, 0, 98, NULL),
(7475, 4, 102, 0, 98, 'container2'),
(7476, 4, 116, 0, 98, NULL),
(7477, 4, 107, 0, 98, NULL),
(7478, 4, 91, 1, 98, 'jungle-gym-single-cage-and-warm-n-cozy-cover-combo.html'),
(7479, 4, 91, 0, 98, 'jungle-gym-single-cage-and-warm-n-cozy-cover-combo.html'),
(7623, 4, 65, 0, 99, 'Jung-L-Gym™ Premium DOUBLE Cage & Cage Cover Combo '),
(7624, 4, 76, 0, 99, NULL),
(7625, 4, 78, 0, 99, NULL),
(7626, 4, 79, 0, 99, 'no_selection'),
(7627, 4, 80, 0, 99, 'no_selection'),
(7628, 4, 81, 0, 99, '/j/u/jung-l-gym-double-combo-cover-thumbnail.gif'),
(7629, 4, 90, 0, 99, 'jungle-gym-double-cage-and-warm-n-cozy-cover-combo'),
(7630, 4, 91, 0, 99, 'jungle-gym-double-cage-and-warm-n-cozy-cover-combo.html'),
(7631, 4, 96, 0, 99, NULL),
(7632, 4, 100, 0, 99, NULL),
(7633, 4, 102, 0, 99, 'container2'),
(7634, 4, 107, 0, 99, NULL),
(7635, 4, 110, 0, 99, NULL),
(7636, 4, 111, 0, 99, '0'),
(7637, 4, 112, 0, 99, '4'),
(7638, 4, 116, 0, 99, NULL),
(7639, 4, 145, 0, 99, NULL),
(7640, 4, 146, 0, 99, NULL),
(7641, 4, 150, 0, 99, 'no_selection'),
(7642, 4, 151, 0, 99, 'no_selection'),
(7643, 4, 153, 0, 99, 'no_selection'),
(7644, 4, 159, 0, 99, NULL),
(7645, 4, 160, 0, 99, NULL),
(7646, 4, 91, 1, 99, 'jungle-gym-double-cage-and-warm-n-cozy-cover-combo.html'),
(7684, 4, 65, 0, 100, 'Jung-L-Gym™ Premium DOUBLE Cage - Platinum'),
(7685, 4, 76, 0, 100, NULL),
(7686, 4, 78, 0, 100, NULL),
(7687, 4, 79, 0, 100, '/c/a/cage-color-platinum_1.jpg'),
(7688, 4, 80, 0, 100, 'no_selection'),
(7689, 4, 81, 0, 100, 'no_selection'),
(7690, 4, 90, 0, 100, 'jungle-gym-premium-double-cage'),
(7691, 4, 91, 0, 100, 'jungle-gym-premium-double-cage-2.html'),
(7692, 4, 96, 0, 100, NULL),
(7693, 4, 100, 0, 100, NULL),
(7694, 4, 102, 0, 100, 'container2'),
(7695, 4, 105, 0, 100, NULL),
(7696, 4, 106, 0, 100, '/'),
(7697, 4, 107, 0, 100, NULL),
(7698, 4, 110, 0, 100, NULL),
(7699, 4, 111, 0, 100, '2'),
(7700, 4, 112, 0, 100, '4'),
(7701, 4, 116, 0, 100, NULL),
(7702, 4, 145, 0, 100, NULL),
(7703, 4, 146, 0, 100, NULL),
(7704, 4, 150, 0, 100, 'no_selection'),
(7705, 4, 151, 0, 100, 'no_selection'),
(7706, 4, 91, 1, 100, 'jungle-gym-premium-double-cage-2.html'),
(7708, 4, 159, 0, 100, NULL),
(7709, 4, 160, 0, 100, NULL),
(7710, 4, 153, 0, 100, 'no_selection'),
(7734, 4, 65, 0, 101, 'Jung-L-Gym™ Premium DOUBLE Cage - Brass'),
(7735, 4, 76, 0, 101, NULL),
(7736, 4, 78, 0, 101, NULL),
(7737, 4, 79, 0, 101, '/c/a/cage-color-brass_1.jpg'),
(7738, 4, 80, 0, 101, 'no_selection'),
(7739, 4, 81, 0, 101, 'no_selection'),
(7740, 4, 90, 0, 101, 'jungle-gym-premium-double-cage'),
(7741, 4, 91, 0, 101, 'jungle-gym-premium-double-cage-3.html'),
(7742, 4, 96, 0, 101, NULL),
(7743, 4, 100, 0, 101, NULL),
(7744, 4, 102, 0, 101, 'container2'),
(7745, 4, 105, 0, 101, NULL),
(7746, 4, 106, 0, 101, '/'),
(7747, 4, 107, 0, 101, NULL),
(7748, 4, 110, 0, 101, NULL),
(7749, 4, 111, 0, 101, '2'),
(7750, 4, 112, 0, 101, '4'),
(7751, 4, 116, 0, 101, NULL),
(7752, 4, 145, 0, 101, NULL),
(7753, 4, 146, 0, 101, NULL),
(7754, 4, 150, 0, 101, 'no_selection'),
(7755, 4, 151, 0, 101, 'no_selection'),
(7756, 4, 153, 0, 101, 'no_selection'),
(7757, 4, 159, 0, 101, NULL),
(7758, 4, 160, 0, 101, NULL),
(7759, 4, 91, 1, 101, 'jungle-gym-premium-double-cage-3.html'),
(7774, 4, 65, 0, 102, 'Jung-L-Gym™ Premium DOUBLE Cage - White'),
(7775, 4, 76, 0, 102, NULL),
(7776, 4, 78, 0, 102, NULL),
(7777, 4, 79, 0, 102, '/c/a/cage-color-white_1.jpg'),
(7778, 4, 80, 0, 102, 'no_selection'),
(7779, 4, 81, 0, 102, 'no_selection'),
(7780, 4, 90, 0, 102, 'jungle-gym-premium-double-cage'),
(7781, 4, 91, 0, 102, 'jungle-gym-premium-double-cage-4.html'),
(7782, 4, 96, 0, 102, NULL),
(7783, 4, 100, 0, 102, NULL),
(7784, 4, 102, 0, 102, 'container2'),
(7785, 4, 105, 0, 102, NULL),
(7786, 4, 106, 0, 102, '/'),
(7787, 4, 107, 0, 102, NULL),
(7788, 4, 110, 0, 102, NULL),
(7789, 4, 111, 0, 102, '2'),
(7790, 4, 112, 0, 102, '4'),
(7791, 4, 116, 0, 102, NULL),
(7792, 4, 145, 0, 102, NULL),
(7793, 4, 146, 0, 102, NULL),
(7794, 4, 150, 0, 102, 'no_selection'),
(7795, 4, 151, 0, 102, 'no_selection'),
(7796, 4, 153, 0, 102, 'no_selection'),
(7797, 4, 159, 0, 102, NULL),
(7798, 4, 160, 0, 102, NULL),
(7799, 4, 91, 1, 102, 'jungle-gym-premium-double-cage-4.html'),
(7855, 4, 159, 0, 63, NULL),
(7856, 4, 160, 0, 63, NULL),
(7857, 4, 153, 0, 63, 'no_selection'),
(7858, 4, 107, 0, 63, NULL),
(7937, 4, 65, 0, 103, 'Start-R-Cage™ & Start-R-Kit™ Combo'),
(7938, 4, 90, 0, 103, 'jungle-gym-starter-cage-and-starter-kit-combo'),
(7939, 4, 110, 0, 103, NULL),
(7940, 4, 145, 0, 103, NULL),
(7941, 4, 146, 0, 103, NULL),
(7942, 4, 159, 0, 103, NULL),
(7943, 4, 160, 0, 103, NULL),
(7944, 4, 111, 0, 103, '0'),
(7945, 4, 112, 0, 103, '4'),
(7946, 4, 76, 0, 103, NULL),
(7947, 4, 78, 0, 103, NULL),
(7948, 4, 150, 0, 103, 'no_selection'),
(7949, 4, 151, 0, 103, 'no_selection'),
(7950, 4, 79, 0, 103, 'no_selection'),
(7951, 4, 153, 0, 103, 'no_selection'),
(7952, 4, 80, 0, 103, 'no_selection'),
(7953, 4, 81, 0, 103, '/s/t/start-r-cage-combo-start-r-kit.jpg'),
(7954, 4, 96, 0, 103, NULL),
(7955, 4, 100, 0, 103, NULL),
(7956, 4, 102, 0, 103, 'container2'),
(7957, 4, 116, 0, 103, NULL),
(7958, 4, 91, 1, 103, 'jungle-gym-starter-cage-and-starter-kit-combo.html'),
(7959, 4, 91, 0, 103, 'jungle-gym-starter-cage-and-starter-kit-combo.html'),
(7970, 4, 107, 0, 103, NULL),
(7982, 4, 65, 0, 104, 'Jung-L-Gym™ Premium Starter Cage & Cage Cover Combo'),
(7983, 4, 90, 0, 104, 'jungle-gym-starter-cage-and-warm-n-cozy-cage-cover-combo'),
(7984, 4, 110, 0, 104, NULL),
(7985, 4, 145, 0, 104, NULL),
(7986, 4, 146, 0, 104, NULL),
(7987, 4, 159, 0, 104, NULL),
(7988, 4, 160, 0, 104, NULL),
(7989, 4, 111, 0, 104, '0'),
(7990, 4, 112, 0, 104, '4'),
(7991, 4, 76, 0, 104, NULL),
(7992, 4, 78, 0, 104, NULL),
(7993, 4, 150, 0, 104, 'no_selection'),
(7994, 4, 151, 0, 104, 'no_selection'),
(7995, 4, 79, 0, 104, 'no_selection'),
(7996, 4, 153, 0, 104, 'no_selection'),
(7997, 4, 80, 0, 104, 'no_selection'),
(7998, 4, 81, 0, 104, '/s/t/start-r-cage-combo-cover-thumbnail.gif'),
(7999, 4, 96, 0, 104, NULL),
(8000, 4, 100, 0, 104, NULL),
(8001, 4, 102, 0, 104, 'container2'),
(8002, 4, 116, 0, 104, NULL),
(8003, 4, 107, 0, 104, NULL),
(8004, 4, 91, 1, 104, 'jungle-gym-starter-cage-and-warm-n-cozy-cage-cover-combo.html'),
(8005, 4, 91, 0, 104, 'jungle-gym-starter-cage-and-warm-n-cozy-cage-cover-combo.html'),
(8006, 4, 65, 0, 105, 'Jung-L-Gym™ Premium Starter Cage & Cage Cover Combo'),
(8007, 4, 76, 0, 105, NULL),
(8008, 4, 78, 0, 105, NULL),
(8009, 4, 79, 0, 105, 'no_selection'),
(8010, 4, 80, 0, 105, 'no_selection'),
(8011, 4, 81, 0, 105, '/s/t/start-r-cage-combo-start-r-kit-and-cover.jpg'),
(8012, 4, 90, 0, 105, 'jungle-gym-starter-cage-and-starter-kit-and-warm-n-cozy-cage-cover-combo'),
(8013, 4, 91, 0, 105, 'jungle-gym-starter-cage-and-starter-kit-and-warm-n-cozy-cage-cover-combo.html'),
(8014, 4, 96, 0, 105, NULL),
(8015, 4, 100, 0, 105, NULL),
(8016, 4, 102, 0, 105, 'container2'),
(8017, 4, 107, 0, 105, NULL),
(8018, 4, 110, 0, 105, NULL),
(8019, 4, 111, 0, 105, '0'),
(8020, 4, 112, 0, 105, '4'),
(8021, 4, 116, 0, 105, NULL),
(8022, 4, 145, 0, 105, NULL),
(8023, 4, 146, 0, 105, NULL),
(8024, 4, 150, 0, 105, 'no_selection'),
(8025, 4, 151, 0, 105, 'no_selection'),
(8026, 4, 153, 0, 105, 'no_selection'),
(8027, 4, 159, 0, 105, NULL),
(8028, 4, 160, 0, 105, NULL),
(8029, 4, 91, 1, 105, 'jungle-gym-starter-cage-and-starter-kit-and-warm-n-cozy-cage-cover-combo.html'),
(8065, 4, 159, 0, 3, NULL),
(8066, 4, 160, 0, 3, NULL),
(8067, 4, 153, 0, 3, 'no_selection'),
(8108, 4, 159, 0, 88, NULL),
(8109, 4, 160, 0, 88, NULL),
(8110, 4, 107, 0, 88, NULL),
(8185, 4, 159, 0, 19, NULL),
(8186, 4, 160, 0, 19, NULL),
(8236, 4, 159, 0, 70, NULL),
(8237, 4, 160, 0, 70, NULL),
(8238, 4, 153, 0, 70, 'no_selection'),
(8259, 4, 159, 0, 55, NULL),
(8260, 4, 160, 0, 55, NULL),
(8261, 4, 153, 0, 55, 'no_selection'),
(8271, 4, 159, 0, 54, NULL),
(8272, 4, 160, 0, 54, NULL),
(8273, 4, 153, 0, 54, 'no_selection'),
(8283, 4, 159, 0, 53, NULL),
(8284, 4, 160, 0, 53, NULL),
(8285, 4, 153, 0, 53, 'no_selection'),
(8295, 4, 159, 0, 52, NULL),
(8296, 4, 160, 0, 52, NULL),
(8297, 4, 153, 0, 52, 'no_selection'),
(8307, 4, 159, 0, 51, NULL),
(8308, 4, 160, 0, 51, NULL),
(8309, 4, 153, 0, 51, 'no_selection'),
(8320, 4, 159, 0, 8, NULL),
(8321, 4, 160, 0, 8, NULL),
(8322, 4, 153, 0, 8, 'no_selection'),
(8344, 4, 159, 0, 17, NULL),
(8345, 4, 160, 0, 17, NULL),
(8346, 4, 153, 0, 17, 'no_selection'),
(8357, 4, 159, 0, 18, NULL),
(8358, 4, 160, 0, 18, NULL),
(8359, 4, 153, 0, 18, 'no_selection'),
(8360, 4, 159, 0, 58, NULL),
(8361, 4, 160, 0, 58, NULL),
(8362, 4, 153, 0, 58, 'no_selection'),
(8373, 4, 65, 0, 106, 'Jung-L-Gym™ "Outback" - Beige'),
(8374, 4, 76, 0, 106, NULL),
(8375, 4, 78, 0, 106, NULL),
(8376, 4, 79, 0, 106, '/c/a/cage-color-black_3.jpg'),
(8377, 4, 80, 0, 106, 'no_selection'),
(8378, 4, 81, 0, 106, 'no_selection'),
(8379, 4, 90, 0, 106, 'jungle-gym-outback-cage'),
(8380, 4, 91, 0, 106, 'jungle-gym-outback-cage-2.html'),
(8381, 4, 96, 0, 106, NULL),
(8382, 4, 100, 0, 106, NULL),
(8383, 4, 102, 0, 106, 'container2'),
(8384, 4, 105, 0, 106, NULL),
(8385, 4, 110, 0, 106, NULL),
(8386, 4, 111, 0, 106, '2'),
(8387, 4, 112, 0, 106, '4'),
(8388, 4, 116, 0, 106, NULL),
(8389, 4, 145, 0, 106, NULL),
(8390, 4, 146, 0, 106, NULL),
(8391, 4, 150, 0, 106, 'no_selection'),
(8392, 4, 151, 0, 106, 'no_selection'),
(8393, 4, 153, 0, 106, 'no_selection'),
(8394, 4, 159, 0, 106, NULL),
(8395, 4, 160, 0, 106, NULL),
(8396, 4, 91, 1, 106, 'jungle-gym-outback-cage-2.html'),
(8411, 4, 65, 0, 107, 'Jung-L-Gym™ "Outback" - Green'),
(8412, 4, 76, 0, 107, NULL),
(8413, 4, 78, 0, 107, NULL),
(8414, 4, 79, 0, 107, '/c/a/cage-color-black_3_1.jpg'),
(8415, 4, 80, 0, 107, 'no_selection'),
(8416, 4, 81, 0, 107, 'no_selection'),
(8417, 4, 90, 0, 107, 'jungle-gym-outback-cage'),
(8418, 4, 91, 0, 107, 'jungle-gym-outback-cage-3.html'),
(8419, 4, 96, 0, 107, NULL),
(8420, 4, 100, 0, 107, NULL),
(8421, 4, 102, 0, 107, 'container2'),
(8422, 4, 105, 0, 107, NULL),
(8423, 4, 110, 0, 107, NULL),
(8424, 4, 111, 0, 107, '2'),
(8425, 4, 112, 0, 107, '4'),
(8426, 4, 116, 0, 107, NULL),
(8427, 4, 145, 0, 107, NULL),
(8428, 4, 146, 0, 107, NULL),
(8429, 4, 150, 0, 107, 'no_selection'),
(8430, 4, 151, 0, 107, 'no_selection'),
(8431, 4, 153, 0, 107, 'no_selection'),
(8432, 4, 159, 0, 107, NULL),
(8433, 4, 160, 0, 107, NULL),
(8434, 4, 91, 1, 107, 'jungle-gym-outback-cage-3.html'),
(8460, 4, 65, 0, 108, 'Jung-L-Gym™ "Outback" - Platinum'),
(8461, 4, 76, 0, 108, NULL),
(8462, 4, 78, 0, 108, NULL),
(8463, 4, 79, 0, 108, '/c/a/cage-color-platinum_2.jpg'),
(8464, 4, 80, 0, 108, 'no_selection'),
(8465, 4, 81, 0, 108, 'no_selection'),
(8466, 4, 90, 0, 108, 'jungle-gym-outback-cage'),
(8467, 4, 91, 0, 108, 'jungle-gym-outback-cage-4.html'),
(8468, 4, 96, 0, 108, NULL),
(8469, 4, 100, 0, 108, NULL),
(8470, 4, 102, 0, 108, 'container2'),
(8471, 4, 105, 0, 108, NULL),
(8472, 4, 110, 0, 108, NULL),
(8473, 4, 111, 0, 108, '2'),
(8474, 4, 112, 0, 108, '4'),
(8475, 4, 116, 0, 108, NULL),
(8476, 4, 145, 0, 108, NULL),
(8477, 4, 146, 0, 108, NULL),
(8478, 4, 150, 0, 108, 'no_selection'),
(8479, 4, 151, 0, 108, 'no_selection'),
(8480, 4, 153, 0, 108, 'no_selection'),
(8481, 4, 159, 0, 108, NULL),
(8482, 4, 160, 0, 108, NULL),
(8483, 4, 91, 1, 108, 'jungle-gym-outback-cage-4.html'),
(8509, 4, 159, 0, 57, NULL),
(8510, 4, 160, 0, 57, NULL),
(8511, 4, 153, 0, 57, 'no_selection'),
(8520, 4, 159, 0, 15, NULL),
(8521, 4, 160, 0, 15, NULL),
(8522, 4, 153, 0, 15, 'no_selection'),
(8589, 4, 159, 0, 61, NULL),
(8590, 4, 160, 0, 61, NULL),
(8591, 4, 153, 0, 61, 'no_selection'),
(8602, 4, 159, 0, 62, NULL),
(8603, 4, 160, 0, 62, NULL),
(8604, 4, 153, 0, 62, 'no_selection'),
(8639, 4, 159, 0, 64, NULL),
(8640, 4, 160, 0, 64, NULL),
(8641, 4, 153, 0, 64, 'no_selection'),
(8652, 4, 65, 0, 109, 'Jung-L-Gym™ Premium SINGLE Cage - Green'),
(8653, 4, 76, 0, 109, NULL),
(8654, 4, 78, 0, 109, NULL),
(8655, 4, 79, 0, 109, '/c/a/cage-color-white_2.jpg'),
(8656, 4, 80, 0, 109, 'no_selection'),
(8657, 4, 81, 0, 109, 'no_selection'),
(8658, 4, 90, 0, 109, 'jungle-gym-premium-single-cage'),
(8659, 4, 91, 0, 109, 'jungle-gym-premium-single-cage-5.html'),
(8660, 4, 96, 0, 109, NULL),
(8661, 4, 100, 0, 109, NULL),
(8662, 4, 102, 0, 109, 'container2'),
(8663, 4, 105, 0, 109, NULL),
(8664, 4, 110, 0, 109, NULL),
(8665, 4, 111, 0, 109, '2'),
(8666, 4, 112, 0, 109, '4'),
(8667, 4, 116, 0, 109, NULL),
(8668, 4, 145, 0, 109, NULL),
(8669, 4, 146, 0, 109, NULL),
(8670, 4, 150, 0, 109, 'no_selection'),
(8671, 4, 151, 0, 109, 'no_selection'),
(8672, 4, 153, 0, 109, 'no_selection'),
(8673, 4, 159, 0, 109, NULL),
(8674, 4, 160, 0, 109, NULL),
(8675, 4, 91, 1, 109, 'jungle-gym-premium-single-cage-5.html'),
(8713, 4, 65, 0, 110, 'Jung-L-Gym™ Premium DOUBLE Cage - Green'),
(8714, 4, 76, 0, 110, NULL),
(8715, 4, 78, 0, 110, NULL),
(8716, 4, 79, 0, 110, '/c/a/cage-color-black_1_2.jpg'),
(8717, 4, 80, 0, 110, 'no_selection'),
(8718, 4, 81, 0, 110, 'no_selection'),
(8719, 4, 90, 0, 110, 'jungle-gym-premium-double-cage'),
(8720, 4, 91, 0, 110, 'jungle-gym-premium-double-cage-5.html'),
(8721, 4, 96, 0, 110, NULL),
(8722, 4, 100, 0, 110, NULL),
(8723, 4, 102, 0, 110, 'container2'),
(8724, 4, 105, 0, 110, NULL),
(8725, 4, 106, 0, 110, '/'),
(8726, 4, 107, 0, 110, NULL),
(8727, 4, 110, 0, 110, NULL),
(8728, 4, 111, 0, 110, '2'),
(8729, 4, 112, 0, 110, '4'),
(8730, 4, 116, 0, 110, NULL),
(8731, 4, 145, 0, 110, NULL),
(8732, 4, 146, 0, 110, NULL),
(8733, 4, 150, 0, 110, 'no_selection'),
(8734, 4, 151, 0, 110, 'no_selection'),
(8735, 4, 153, 0, 110, 'no_selection'),
(8736, 4, 159, 0, 110, NULL),
(8737, 4, 160, 0, 110, NULL),
(8738, 4, 91, 1, 110, 'jungle-gym-premium-double-cage-5.html'),
(8798, 4, 65, 0, 111, 'Jung-L-Gym™ "Outback" - White'),
(8799, 4, 76, 0, 111, NULL),
(8800, 4, 78, 0, 111, NULL),
(8801, 4, 79, 0, 111, '/c/a/cage-color-white_3.jpg'),
(8802, 4, 80, 0, 111, 'no_selection'),
(8803, 4, 81, 0, 111, 'no_selection'),
(8804, 4, 90, 0, 111, 'jungle-gym-outback-cage'),
(8805, 4, 91, 0, 111, 'jungle-gym-outback-cage-5.html'),
(8806, 4, 96, 0, 111, NULL),
(8807, 4, 100, 0, 111, NULL),
(8808, 4, 102, 0, 111, 'container2'),
(8809, 4, 105, 0, 111, NULL),
(8810, 4, 110, 0, 111, NULL),
(8811, 4, 111, 0, 111, '2'),
(8812, 4, 112, 0, 111, '4'),
(8813, 4, 116, 0, 111, NULL),
(8814, 4, 145, 0, 111, NULL),
(8815, 4, 146, 0, 111, NULL),
(8816, 4, 150, 0, 111, 'no_selection'),
(8817, 4, 151, 0, 111, 'no_selection'),
(8818, 4, 153, 0, 111, 'no_selection'),
(8819, 4, 159, 0, 111, NULL),
(8820, 4, 160, 0, 111, NULL),
(8821, 4, 91, 1, 111, 'jungle-gym-outback-cage-5.html'),
(8846, 4, 159, 0, 71, NULL),
(8847, 4, 160, 0, 71, NULL),
(8848, 4, 153, 0, 71, 'no_selection'),
(8859, 4, 159, 0, 72, NULL),
(8860, 4, 160, 0, 72, NULL),
(8861, 4, 153, 0, 72, 'no_selection'),
(8872, 4, 159, 0, 73, NULL),
(8873, 4, 160, 0, 73, NULL),
(8874, 4, 153, 0, 73, 'no_selection'),
(8885, 4, 159, 0, 74, NULL),
(8886, 4, 160, 0, 74, NULL),
(8887, 4, 153, 0, 74, 'no_selection'),
(8898, 4, 159, 0, 75, NULL),
(8899, 4, 160, 0, 75, NULL),
(8900, 4, 153, 0, 75, 'no_selection'),
(8911, 4, 159, 0, 76, NULL),
(8912, 4, 160, 0, 76, NULL),
(8913, 4, 153, 0, 76, 'no_selection'),
(8924, 4, 159, 0, 77, NULL),
(8925, 4, 160, 0, 77, NULL),
(8937, 4, 159, 0, 78, NULL),
(8938, 4, 160, 0, 78, NULL),
(8950, 4, 159, 0, 79, NULL),
(8951, 4, 160, 0, 79, NULL),
(9026, 4, 159, 0, 84, NULL),
(9027, 4, 160, 0, 84, NULL),
(9038, 4, 159, 0, 85, NULL),
(9039, 4, 160, 0, 85, NULL),
(9050, 4, 159, 0, 68, NULL),
(9051, 4, 160, 0, 68, NULL),
(9052, 4, 153, 0, 68, 'no_selection'),
(9063, 4, 159, 0, 67, NULL),
(9064, 4, 160, 0, 67, NULL),
(9065, 4, 153, 0, 67, 'no_selection'),
(9076, 4, 159, 0, 66, NULL),
(9077, 4, 160, 0, 66, NULL),
(9078, 4, 153, 0, 66, 'no_selection'),
(9089, 4, 159, 0, 65, NULL),
(9090, 4, 160, 0, 65, NULL),
(9091, 4, 153, 0, 65, 'no_selection'),
(9102, 4, 159, 0, 80, NULL),
(9103, 4, 160, 0, 80, NULL),
(9115, 4, 159, 0, 81, NULL),
(9116, 4, 160, 0, 81, NULL),
(9128, 4, 159, 0, 82, NULL),
(9129, 4, 160, 0, 82, NULL),
(9152, 4, 159, 0, 29, NULL),
(9153, 4, 160, 0, 29, NULL),
(9209, 4, 159, 0, 21, NULL),
(9210, 4, 160, 0, 21, NULL),
(9211, 4, 153, 0, 21, 'no_selection'),
(9222, 4, 159, 0, 23, NULL),
(9223, 4, 160, 0, 23, NULL),
(9224, 4, 153, 0, 23, 'no_selection'),
(9313, 4, 159, 0, 35, NULL),
(9314, 4, 160, 0, 35, NULL),
(9315, 4, 153, 0, 35, 'no_selection'),
(9358, 4, 159, 0, 9, NULL),
(9359, 4, 160, 0, 9, NULL),
(9360, 4, 153, 0, 9, 'no_selection'),
(9453, 4, 159, 0, 20, NULL),
(9454, 4, 160, 0, 20, NULL),
(9548, 4, 65, 0, 112, 'Jung-L-Gym™ Premium Ceramic Heat Lamp (Bulb & Dome)'),
(9549, 4, 76, 0, 112, 'Jung-L-Gym Ceramic Heat Lamp'),
(9550, 4, 90, 0, 112, 'jungle-gym-ceramic-heat-lamp'),
(9551, 4, 110, 0, 112, NULL),
(9552, 4, 145, 0, 112, '1170 50 store/custom/save6.jpg'),
(9553, 4, 146, 0, 112, NULL),
(9554, 4, 159, 0, 112, NULL),
(9555, 4, 160, 0, 112, NULL),
(9556, 4, 111, 0, 112, '0'),
(9557, 4, 112, 0, 112, '4'),
(9558, 4, 78, 0, 112, NULL),
(9559, 4, 150, 0, 112, '/h/e/heat-lamp-title_1.jpg'),
(9560, 4, 151, 0, 112, 'no_selection'),
(9561, 4, 79, 0, 112, 'no_selection'),
(9562, 4, 153, 0, 112, 'no_selection'),
(9563, 4, 80, 0, 112, '/h/e/heat-lamp-small_1.jpg'),
(9564, 4, 81, 0, 112, '/h/e/heat-lamp-thumbnail_3.gif'),
(9565, 4, 96, 0, 112, NULL),
(9566, 4, 100, 0, 112, NULL),
(9567, 4, 102, 0, 112, 'container2'),
(9568, 4, 116, 0, 112, NULL),
(9569, 4, 107, 0, 112, NULL),
(9570, 4, 91, 1, 112, 'jungle-gym-ceramic-heat-lamp.html'),
(9571, 4, 91, 0, 112, 'jungle-gym-ceramic-heat-lamp.html'),
(9620, 4, 106, 0, 112, NULL),
(10025, 4, 65, 0, 113, 'TWO Year Supply of Glide-A-Mins™'),
(10026, 4, 76, 0, 113, NULL),
(10027, 4, 90, 0, 113, 'glide-a-mins'),
(10028, 4, 110, 0, 113, NULL),
(10029, 4, 145, 0, 113, NULL),
(10030, 4, 146, 0, 113, NULL),
(10031, 4, 159, 0, 113, NULL),
(10032, 4, 160, 0, 113, NULL),
(10033, 4, 111, 0, 113, '2'),
(10034, 4, 112, 0, 113, '4'),
(10035, 4, 78, 0, 113, NULL),
(10036, 4, 150, 0, 113, 'no_selection'),
(10037, 4, 151, 0, 113, 'no_selection'),
(10038, 4, 79, 0, 113, 'no_selection'),
(10039, 4, 153, 0, 113, 'no_selection'),
(10040, 4, 80, 0, 113, 'no_selection'),
(10041, 4, 81, 0, 113, '/g/l/glide-a-mins-thumbnail.gif'),
(10042, 4, 96, 0, 113, NULL),
(10043, 4, 100, 0, 113, NULL),
(10044, 4, 102, 0, 113, 'container2'),
(10045, 4, 116, 0, 113, NULL),
(10046, 4, 107, 0, 113, NULL),
(10047, 4, 91, 1, 113, 'glide-a-mins.html'),
(10048, 4, 91, 0, 113, 'glide-a-mins.html'),
(10049, 4, 65, 0, 114, 'TWO Year Supply of Glide-R-Chow™'),
(10050, 4, 76, 0, 114, NULL),
(10051, 4, 90, 0, 114, 'glide-r-chow'),
(10052, 4, 110, 0, 114, NULL),
(10053, 4, 145, 0, 114, NULL),
(10054, 4, 146, 0, 114, NULL),
(10055, 4, 159, 0, 114, NULL),
(10056, 4, 160, 0, 114, NULL),
(10057, 4, 111, 0, 114, '2'),
(10058, 4, 112, 0, 114, '4'),
(10059, 4, 78, 0, 114, NULL),
(10060, 4, 150, 0, 114, 'no_selection'),
(10061, 4, 151, 0, 114, 'no_selection'),
(10062, 4, 79, 0, 114, 'no_selection'),
(10063, 4, 153, 0, 114, 'no_selection'),
(10064, 4, 80, 0, 114, 'no_selection'),
(10065, 4, 81, 0, 114, '/g/l/glide-r-chow-thumbnail.gif'),
(10066, 4, 96, 0, 114, NULL),
(10067, 4, 100, 0, 114, NULL),
(10068, 4, 102, 0, 114, 'container2'),
(10069, 4, 116, 0, 114, NULL),
(10070, 4, 107, 0, 114, NULL),
(10071, 4, 91, 1, 114, 'glide-r-chow.html'),
(10072, 4, 91, 0, 114, 'glide-r-chow.html'),
(10073, 4, 65, 0, 115, 'TWO Year Supply of Glide-R-Chow™ & Glide-A-Mins™'),
(10074, 4, 76, 0, 115, NULL),
(10075, 4, 90, 0, 115, 'glider-chow-and-glidermins-combo'),
(10076, 4, 110, 0, 115, NULL),
(10077, 4, 145, 0, 115, NULL),
(10078, 4, 146, 0, 115, NULL),
(10079, 4, 159, 0, 115, NULL),
(10080, 4, 160, 0, 115, NULL),
(10081, 4, 111, 0, 115, '0'),
(10082, 4, 112, 0, 115, '4'),
(10083, 4, 78, 0, 115, NULL),
(10084, 4, 151, 0, 115, 'no_selection'),
(10085, 4, 153, 0, 115, 'no_selection'),
(10086, 4, 150, 0, 115, '/g/l/glid-r-chow-mins-title_1.gif'),
(10087, 4, 79, 0, 115, '/g/l/glid-r-chow-mins-main_1_1.jpg'),
(10088, 4, 80, 0, 115, '/g/l/glid-r-chow-mins-small_1.jpg'),
(10089, 4, 81, 0, 115, '/g/l/glid-r-chow-mins-thumbnail_1.gif'),
(10090, 4, 96, 0, 115, NULL),
(10091, 4, 100, 0, 115, NULL),
(10092, 4, 102, 0, 115, 'container2'),
(10093, 4, 116, 0, 115, NULL),
(10094, 4, 105, 0, 115, NULL),
(10095, 4, 106, 0, 115, NULL),
(10096, 4, 107, 0, 115, NULL),
(10097, 4, 91, 1, 115, 'glider-chow-and-glidermins-combo.html'),
(10098, 4, 91, 0, 115, 'glider-chow-and-glidermins-combo.html'),
(10099, 4, 65, 0, 116, 'Credit Units'),
(10100, 4, 90, 0, 116, 'credit-units'),
(10101, 4, 76, 0, 116, NULL),
(10102, 4, 78, 0, 116, NULL),
(10103, 4, 81, 0, 116, 'no_selection'),
(10104, 4, 80, 0, 116, 'no_selection'),
(10105, 4, 79, 0, 116, 'no_selection'),
(10106, 4, 96, 0, 116, NULL),
(10107, 4, 102, 0, 116, 'container2'),
(10108, 4, 100, 0, 116, NULL),
(10109, 4, 116, 0, 116, NULL),
(10110, 4, 91, 1, 116, 'credit-units.html'),
(10111, 4, 91, 0, 116, 'credit-units.html');

-- --------------------------------------------------------

--
-- Table structure for table `sales_flat_order`
--

CREATE TABLE IF NOT EXISTS `sales_flat_order` (
  `entity_id` int(10) unsigned NOT NULL AUTO_INCREMENT COMMENT 'Entity Id',
  `state` varchar(32) DEFAULT NULL COMMENT 'State',
  `status` varchar(32) DEFAULT NULL COMMENT 'Status',
  `coupon_code` varchar(255) DEFAULT NULL COMMENT 'Coupon Code',
  `protect_code` varchar(255) DEFAULT NULL COMMENT 'Protect Code',
  `shipping_description` varchar(255) DEFAULT NULL COMMENT 'Shipping Description',
  `is_virtual` smallint(5) unsigned DEFAULT NULL COMMENT 'Is Virtual',
  `store_id` smallint(5) unsigned DEFAULT NULL COMMENT 'Store Id',
  `customer_id` int(10) unsigned DEFAULT NULL COMMENT 'Customer Id',
  `base_discount_amount` decimal(12,4) DEFAULT NULL COMMENT 'Base Discount Amount',
  `base_discount_canceled` decimal(12,4) DEFAULT NULL COMMENT 'Base Discount Canceled',
  `base_discount_invoiced` decimal(12,4) DEFAULT NULL COMMENT 'Base Discount Invoiced',
  `base_discount_refunded` decimal(12,4) DEFAULT NULL COMMENT 'Base Discount Refunded',
  `base_grand_total` decimal(12,4) DEFAULT NULL COMMENT 'Base Grand Total',
  `base_shipping_amount` decimal(12,4) DEFAULT NULL COMMENT 'Base Shipping Amount',
  `base_shipping_canceled` decimal(12,4) DEFAULT NULL COMMENT 'Base Shipping Canceled',
  `base_shipping_invoiced` decimal(12,4) DEFAULT NULL COMMENT 'Base Shipping Invoiced',
  `base_shipping_refunded` decimal(12,4) DEFAULT NULL COMMENT 'Base Shipping Refunded',
  `base_shipping_tax_amount` decimal(12,4) DEFAULT NULL COMMENT 'Base Shipping Tax Amount',
  `base_shipping_tax_refunded` decimal(12,4) DEFAULT NULL COMMENT 'Base Shipping Tax Refunded',
  `base_subtotal` decimal(12,4) DEFAULT NULL COMMENT 'Base Subtotal',
  `base_subtotal_canceled` decimal(12,4) DEFAULT NULL COMMENT 'Base Subtotal Canceled',
  `base_subtotal_invoiced` decimal(12,4) DEFAULT NULL COMMENT 'Base Subtotal Invoiced',
  `base_subtotal_refunded` decimal(12,4) DEFAULT NULL COMMENT 'Base Subtotal Refunded',
  `base_tax_amount` decimal(12,4) DEFAULT NULL COMMENT 'Base Tax Amount',
  `base_tax_canceled` decimal(12,4) DEFAULT NULL COMMENT 'Base Tax Canceled',
  `base_tax_invoiced` decimal(12,4) DEFAULT NULL COMMENT 'Base Tax Invoiced',
  `base_tax_refunded` decimal(12,4) DEFAULT NULL COMMENT 'Base Tax Refunded',
  `base_to_global_rate` decimal(12,4) DEFAULT NULL COMMENT 'Base To Global Rate',
  `base_to_order_rate` decimal(12,4) DEFAULT NULL COMMENT 'Base To Order Rate',
  `base_total_canceled` decimal(12,4) DEFAULT NULL COMMENT 'Base Total Canceled',
  `base_total_invoiced` decimal(12,4) DEFAULT NULL COMMENT 'Base Total Invoiced',
  `base_total_invoiced_cost` decimal(12,4) DEFAULT NULL COMMENT 'Base Total Invoiced Cost',
  `base_total_offline_refunded` decimal(12,4) DEFAULT NULL COMMENT 'Base Total Offline Refunded',
  `base_total_online_refunded` decimal(12,4) DEFAULT NULL COMMENT 'Base Total Online Refunded',
  `base_total_paid` decimal(12,4) DEFAULT NULL COMMENT 'Base Total Paid',
  `base_total_qty_ordered` decimal(12,4) DEFAULT NULL COMMENT 'Base Total Qty Ordered',
  `base_total_refunded` decimal(12,4) DEFAULT NULL COMMENT 'Base Total Refunded',
  `discount_amount` decimal(12,4) DEFAULT NULL COMMENT 'Discount Amount',
  `discount_canceled` decimal(12,4) DEFAULT NULL COMMENT 'Discount Canceled',
  `discount_invoiced` decimal(12,4) DEFAULT NULL COMMENT 'Discount Invoiced',
  `discount_refunded` decimal(12,4) DEFAULT NULL COMMENT 'Discount Refunded',
  `grand_total` decimal(12,4) DEFAULT NULL COMMENT 'Grand Total',
  `shipping_amount` decimal(12,4) DEFAULT NULL COMMENT 'Shipping Amount',
  `shipping_canceled` decimal(12,4) DEFAULT NULL COMMENT 'Shipping Canceled',
  `shipping_invoiced` decimal(12,4) DEFAULT NULL COMMENT 'Shipping Invoiced',
  `shipping_refunded` decimal(12,4) DEFAULT NULL COMMENT 'Shipping Refunded',
  `shipping_tax_amount` decimal(12,4) DEFAULT NULL COMMENT 'Shipping Tax Amount',
  `shipping_tax_refunded` decimal(12,4) DEFAULT NULL COMMENT 'Shipping Tax Refunded',
  `store_to_base_rate` decimal(12,4) DEFAULT NULL COMMENT 'Store To Base Rate',
  `store_to_order_rate` decimal(12,4) DEFAULT NULL COMMENT 'Store To Order Rate',
  `subtotal` decimal(12,4) DEFAULT NULL COMMENT 'Subtotal',
  `subtotal_canceled` decimal(12,4) DEFAULT NULL COMMENT 'Subtotal Canceled',
  `subtotal_invoiced` decimal(12,4) DEFAULT NULL COMMENT 'Subtotal Invoiced',
  `subtotal_refunded` decimal(12,4) DEFAULT NULL COMMENT 'Subtotal Refunded',
  `tax_amount` decimal(12,4) DEFAULT NULL COMMENT 'Tax Amount',
  `tax_canceled` decimal(12,4) DEFAULT NULL COMMENT 'Tax Canceled',
  `tax_invoiced` decimal(12,4) DEFAULT NULL COMMENT 'Tax Invoiced',
  `tax_refunded` decimal(12,4) DEFAULT NULL COMMENT 'Tax Refunded',
  `total_canceled` decimal(12,4) DEFAULT NULL COMMENT 'Total Canceled',
  `total_invoiced` decimal(12,4) DEFAULT NULL COMMENT 'Total Invoiced',
  `total_offline_refunded` decimal(12,4) DEFAULT NULL COMMENT 'Total Offline Refunded',
  `total_online_refunded` decimal(12,4) DEFAULT NULL COMMENT 'Total Online Refunded',
  `total_paid` decimal(12,4) DEFAULT NULL COMMENT 'Total Paid',
  `total_qty_ordered` decimal(12,4) DEFAULT NULL COMMENT 'Total Qty Ordered',
  `total_refunded` decimal(12,4) DEFAULT NULL COMMENT 'Total Refunded',
  `can_ship_partially` smallint(5) unsigned DEFAULT NULL COMMENT 'Can Ship Partially',
  `can_ship_partially_item` smallint(5) unsigned DEFAULT NULL COMMENT 'Can Ship Partially Item',
  `customer_is_guest` smallint(5) unsigned DEFAULT NULL COMMENT 'Customer Is Guest',
  `customer_note_notify` smallint(5) unsigned DEFAULT NULL COMMENT 'Customer Note Notify',
  `billing_address_id` int(11) DEFAULT NULL COMMENT 'Billing Address Id',
  `customer_group_id` smallint(6) DEFAULT NULL COMMENT 'Customer Group Id',
  `edit_increment` int(11) DEFAULT NULL COMMENT 'Edit Increment',
  `email_sent` smallint(5) unsigned DEFAULT NULL COMMENT 'Email Sent',
  `forced_shipment_with_invoice` smallint(5) unsigned DEFAULT NULL COMMENT 'Forced Do Shipment With Invoice',
  `payment_auth_expiration` int(11) DEFAULT NULL COMMENT 'Payment Authorization Expiration',
  `quote_address_id` int(11) DEFAULT NULL COMMENT 'Quote Address Id',
  `quote_id` int(11) DEFAULT NULL COMMENT 'Quote Id',
  `shipping_address_id` int(11) DEFAULT NULL COMMENT 'Shipping Address Id',
  `adjustment_negative` decimal(12,4) DEFAULT NULL COMMENT 'Adjustment Negative',
  `adjustment_positive` decimal(12,4) DEFAULT NULL COMMENT 'Adjustment Positive',
  `base_adjustment_negative` decimal(12,4) DEFAULT NULL COMMENT 'Base Adjustment Negative',
  `base_adjustment_positive` decimal(12,4) DEFAULT NULL COMMENT 'Base Adjustment Positive',
  `base_shipping_discount_amount` decimal(12,4) DEFAULT NULL COMMENT 'Base Shipping Discount Amount',
  `base_subtotal_incl_tax` decimal(12,4) DEFAULT NULL COMMENT 'Base Subtotal Incl Tax',
  `base_total_due` decimal(12,4) DEFAULT NULL COMMENT 'Base Total Due',
  `payment_authorization_amount` decimal(12,4) DEFAULT NULL COMMENT 'Payment Authorization Amount',
  `shipping_discount_amount` decimal(12,4) DEFAULT NULL COMMENT 'Shipping Discount Amount',
  `subtotal_incl_tax` decimal(12,4) DEFAULT NULL COMMENT 'Subtotal Incl Tax',
  `total_due` decimal(12,4) DEFAULT NULL COMMENT 'Total Due',
  `weight` decimal(12,4) DEFAULT NULL COMMENT 'Weight',
  `customer_dob` datetime DEFAULT NULL COMMENT 'Customer Dob',
  `increment_id` varchar(50) DEFAULT NULL COMMENT 'Increment Id',
  `applied_rule_ids` varchar(255) DEFAULT NULL COMMENT 'Applied Rule Ids',
  `base_currency_code` varchar(3) DEFAULT NULL COMMENT 'Base Currency Code',
  `customer_email` varchar(255) DEFAULT NULL COMMENT 'Customer Email',
  `customer_firstname` varchar(255) DEFAULT NULL COMMENT 'Customer Firstname',
  `customer_lastname` varchar(255) DEFAULT NULL COMMENT 'Customer Lastname',
  `customer_middlename` varchar(255) DEFAULT NULL COMMENT 'Customer Middlename',
  `customer_prefix` varchar(255) DEFAULT NULL COMMENT 'Customer Prefix',
  `customer_suffix` varchar(255) DEFAULT NULL COMMENT 'Customer Suffix',
  `customer_taxvat` varchar(255) DEFAULT NULL COMMENT 'Customer Taxvat',
  `discount_description` varchar(255) DEFAULT NULL COMMENT 'Discount Description',
  `ext_customer_id` varchar(255) DEFAULT NULL COMMENT 'Ext Customer Id',
  `ext_order_id` varchar(255) DEFAULT NULL COMMENT 'Ext Order Id',
  `global_currency_code` varchar(3) DEFAULT NULL COMMENT 'Global Currency Code',
  `hold_before_state` varchar(255) DEFAULT NULL COMMENT 'Hold Before State',
  `hold_before_status` varchar(255) DEFAULT NULL COMMENT 'Hold Before Status',
  `order_currency_code` varchar(255) DEFAULT NULL COMMENT 'Order Currency Code',
  `original_increment_id` varchar(50) DEFAULT NULL COMMENT 'Original Increment Id',
  `relation_child_id` varchar(32) DEFAULT NULL COMMENT 'Relation Child Id',
  `relation_child_real_id` varchar(32) DEFAULT NULL COMMENT 'Relation Child Real Id',
  `relation_parent_id` varchar(32) DEFAULT NULL COMMENT 'Relation Parent Id',
  `relation_parent_real_id` varchar(32) DEFAULT NULL COMMENT 'Relation Parent Real Id',
  `remote_ip` varchar(255) DEFAULT NULL COMMENT 'Remote Ip',
  `shipping_method` varchar(255) DEFAULT NULL COMMENT 'Shipping Method',
  `store_currency_code` varchar(3) DEFAULT NULL COMMENT 'Store Currency Code',
  `store_name` varchar(255) DEFAULT NULL COMMENT 'Store Name',
  `x_forwarded_for` varchar(255) DEFAULT NULL COMMENT 'X Forwarded For',
  `customer_note` text COMMENT 'Customer Note',
  `created_at` timestamp NULL DEFAULT NULL COMMENT 'Created At',
  `updated_at` timestamp NULL DEFAULT NULL COMMENT 'Updated At',
  `total_item_count` smallint(5) unsigned NOT NULL DEFAULT '0' COMMENT 'Total Item Count',
  `customer_gender` int(11) DEFAULT NULL COMMENT 'Customer Gender',
  `hidden_tax_amount` decimal(12,4) DEFAULT NULL COMMENT 'Hidden Tax Amount',
  `base_hidden_tax_amount` decimal(12,4) DEFAULT NULL COMMENT 'Base Hidden Tax Amount',
  `shipping_hidden_tax_amount` decimal(12,4) DEFAULT NULL COMMENT 'Shipping Hidden Tax Amount',
  `base_shipping_hidden_tax_amnt` decimal(12,4) DEFAULT NULL COMMENT 'Base Shipping Hidden Tax Amount',
  `hidden_tax_invoiced` decimal(12,4) DEFAULT NULL COMMENT 'Hidden Tax Invoiced',
  `base_hidden_tax_invoiced` decimal(12,4) DEFAULT NULL COMMENT 'Base Hidden Tax Invoiced',
  `hidden_tax_refunded` decimal(12,4) DEFAULT NULL COMMENT 'Hidden Tax Refunded',
  `base_hidden_tax_refunded` decimal(12,4) DEFAULT NULL COMMENT 'Base Hidden Tax Refunded',
  `shipping_incl_tax` decimal(12,4) DEFAULT NULL COMMENT 'Shipping Incl Tax',
  `base_shipping_incl_tax` decimal(12,4) DEFAULT NULL COMMENT 'Base Shipping Incl Tax',
  `paypal_ipn_customer_notified` int(11) DEFAULT '0' COMMENT 'Paypal Ipn Customer Notified',
  `gift_message_id` int(11) DEFAULT NULL COMMENT 'Gift Message Id',
  `customer_credit_amount` decimal(12,4) DEFAULT NULL COMMENT 'Customer Credit Amount',
  `base_customer_credit_amount` decimal(12,4) DEFAULT NULL COMMENT 'Base Customer Credit Amount',
  `customer_credit_invoiced` decimal(12,4) DEFAULT NULL COMMENT 'Customer Credit Invoiced',
  `base_customer_credit_invoiced` decimal(12,4) DEFAULT NULL COMMENT 'Base Customer Credit Invoiced',
  `customer_credit_refunded` decimal(12,4) DEFAULT NULL COMMENT 'Customer Credit Refunded',
  `base_customer_credit_refunded` decimal(12,4) DEFAULT NULL COMMENT 'Base Customer Credit Refunded',
  PRIMARY KEY (`entity_id`),
  UNIQUE KEY `UNQ_SALES_FLAT_ORDER_INCREMENT_ID` (`increment_id`),
  KEY `IDX_SALES_FLAT_ORDER_STATUS` (`status`),
  KEY `IDX_SALES_FLAT_ORDER_STATE` (`state`),
  KEY `IDX_SALES_FLAT_ORDER_STORE_ID` (`store_id`),
  KEY `IDX_SALES_FLAT_ORDER_CREATED_AT` (`created_at`),
  KEY `IDX_SALES_FLAT_ORDER_CUSTOMER_ID` (`customer_id`),
  KEY `IDX_SALES_FLAT_ORDER_EXT_ORDER_ID` (`ext_order_id`),
  KEY `IDX_SALES_FLAT_ORDER_QUOTE_ID` (`quote_id`),
  KEY `IDX_SALES_FLAT_ORDER_UPDATED_AT` (`updated_at`)
) ENGINE=InnoDB  DEFAULT CHARSET=utf8 COMMENT='Sales Flat Order' AUTO_INCREMENT=3 ;

--
-- Dumping data for table `sales_flat_order`
--

INSERT INTO `sales_flat_order` (`entity_id`, `state`, `status`, `coupon_code`, `protect_code`, `shipping_description`, `is_virtual`, `store_id`, `customer_id`, `base_discount_amount`, `base_discount_canceled`, `base_discount_invoiced`, `base_discount_refunded`, `base_grand_total`, `base_shipping_amount`, `base_shipping_canceled`, `base_shipping_invoiced`, `base_shipping_refunded`, `base_shipping_tax_amount`, `base_shipping_tax_refunded`, `base_subtotal`, `base_subtotal_canceled`, `base_subtotal_invoiced`, `base_subtotal_refunded`, `base_tax_amount`, `base_tax_canceled`, `base_tax_invoiced`, `base_tax_refunded`, `base_to_global_rate`, `base_to_order_rate`, `base_total_canceled`, `base_total_invoiced`, `base_total_invoiced_cost`, `base_total_offline_refunded`, `base_total_online_refunded`, `base_total_paid`, `base_total_qty_ordered`, `base_total_refunded`, `discount_amount`, `discount_canceled`, `discount_invoiced`, `discount_refunded`, `grand_total`, `shipping_amount`, `shipping_canceled`, `shipping_invoiced`, `shipping_refunded`, `shipping_tax_amount`, `shipping_tax_refunded`, `store_to_base_rate`, `store_to_order_rate`, `subtotal`, `subtotal_canceled`, `subtotal_invoiced`, `subtotal_refunded`, `tax_amount`, `tax_canceled`, `tax_invoiced`, `tax_refunded`, `total_canceled`, `total_invoiced`, `total_offline_refunded`, `total_online_refunded`, `total_paid`, `total_qty_ordered`, `total_refunded`, `can_ship_partially`, `can_ship_partially_item`, `customer_is_guest`, `customer_note_notify`, `billing_address_id`, `customer_group_id`, `edit_increment`, `email_sent`, `forced_shipment_with_invoice`, `payment_auth_expiration`, `quote_address_id`, `quote_id`, `shipping_address_id`, `adjustment_negative`, `adjustment_positive`, `base_adjustment_negative`, `base_adjustment_positive`, `base_shipping_discount_amount`, `base_subtotal_incl_tax`, `base_total_due`, `payment_authorization_amount`, `shipping_discount_amount`, `subtotal_incl_tax`, `total_due`, `weight`, `customer_dob`, `increment_id`, `applied_rule_ids`, `base_currency_code`, `customer_email`, `customer_firstname`, `customer_lastname`, `customer_middlename`, `customer_prefix`, `customer_suffix`, `customer_taxvat`, `discount_description`, `ext_customer_id`, `ext_order_id`, `global_currency_code`, `hold_before_state`, `hold_before_status`, `order_currency_code`, `original_increment_id`, `relation_child_id`, `relation_child_real_id`, `relation_parent_id`, `relation_parent_real_id`, `remote_ip`, `shipping_method`, `store_currency_code`, `store_name`, `x_forwarded_for`, `customer_note`, `created_at`, `updated_at`, `total_item_count`, `customer_gender`, `hidden_tax_amount`, `base_hidden_tax_amount`, `shipping_hidden_tax_amount`, `base_shipping_hidden_tax_amnt`, `hidden_tax_invoiced`, `base_hidden_tax_invoiced`, `hidden_tax_refunded`, `base_hidden_tax_refunded`, `shipping_incl_tax`, `base_shipping_incl_tax`, `paypal_ipn_customer_notified`, `gift_message_id`, `customer_credit_amount`, `base_customer_credit_amount`, `customer_credit_invoiced`, `base_customer_credit_invoiced`, `customer_credit_refunded`, `base_customer_credit_refunded`) VALUES
(1, 'processing', 'processing', NULL, '101f78', 'UPS - Ground', 0, 1, 4, 0.0000, NULL, 0.0000, NULL, 266.2800, 13.2800, NULL, 13.2800, NULL, 0.0000, NULL, 253.0000, NULL, 253.0000, NULL, 0.0000, NULL, 0.0000, NULL, 1.0000, 1.0000, NULL, 266.2800, 0.0000, NULL, NULL, 266.2800, NULL, NULL, 0.0000, NULL, 0.0000, NULL, 266.2800, 13.2800, NULL, 13.2800, NULL, 0.0000, NULL, 1.0000, 1.0000, 253.0000, NULL, 253.0000, NULL, 0.0000, NULL, 0.0000, NULL, NULL, 266.2800, NULL, NULL, 266.2800, 5.0000, NULL, NULL, NULL, 0, 0, 1, 1, NULL, 1, NULL, NULL, NULL, 1, 2, NULL, NULL, NULL, NULL, 0.0000, 253.0000, 0.0000, NULL, 0.0000, 253.0000, 0.0000, 13.2813, NULL, '100000001', '2', 'USD', 'mayank.patel1@devdigital.com', 'mayank', 'patel', NULL, NULL, NULL, NULL, NULL, NULL, NULL, 'USD', NULL, NULL, 'USD', NULL, NULL, NULL, NULL, NULL, '192.168.0.125', 'ups_GND', 'USD', 'Main Website\nMain Website Store\nDefault Store View', NULL, NULL, '2013-01-25 01:14:13', '2013-01-25 01:14:36', 5, NULL, 0.0000, 0.0000, 0.0000, 0.0000, 0.0000, 0.0000, NULL, NULL, 13.2800, 13.2800, 0, NULL, 0.0000, 0.0000, NULL, NULL, NULL, NULL),
(2, 'complete', 'complete', NULL, '06324a', 'UPS - Ground', 0, 1, 4, 0.0000, NULL, 0.0000, NULL, 102.1000, 13.1000, NULL, 13.1000, NULL, 0.0000, NULL, 89.0000, NULL, 89.0000, NULL, 0.0000, NULL, 0.0000, NULL, 1.0000, 1.0000, NULL, 102.1000, 0.0000, NULL, NULL, 102.1000, NULL, NULL, 0.0000, NULL, 0.0000, NULL, 102.1000, 13.1000, NULL, 13.1000, NULL, 0.0000, NULL, 1.0000, 1.0000, 89.0000, NULL, 89.0000, NULL, 0.0000, NULL, 0.0000, NULL, NULL, 102.1000, NULL, NULL, 102.1000, 1.0000, NULL, NULL, NULL, 0, 0, 3, 1, NULL, 1, NULL, NULL, NULL, 2, 4, NULL, NULL, NULL, NULL, 0.0000, 89.0000, 0.0000, NULL, 0.0000, 89.0000, 0.0000, 8.0000, NULL, '100000002', NULL, 'USD', 'mayank.patel1@devdigital.com', 'mayank', 'patel', NULL, NULL, NULL, NULL, NULL, NULL, NULL, 'USD', NULL, NULL, 'USD', NULL, NULL, NULL, NULL, NULL, '192.168.0.120', 'ups_GND', 'USD', 'Main Website\nMain Website Store\nDefault Store View', NULL, NULL, '2013-02-07 20:12:47', '2013-02-07 20:13:20', 1, NULL, 0.0000, 0.0000, 0.0000, 0.0000, 0.0000, 0.0000, NULL, NULL, 13.1000, 13.1000, 0, NULL, 0.0000, 0.0000, NULL, NULL, NULL, NULL);

-- --------------------------------------------------------

--
-- Table structure for table `sales_flat_order_address`
--

CREATE TABLE IF NOT EXISTS `sales_flat_order_address` (
  `entity_id` int(10) unsigned NOT NULL AUTO_INCREMENT COMMENT 'Entity Id',
  `parent_id` int(10) unsigned DEFAULT NULL COMMENT 'Parent Id',
  `customer_address_id` int(11) DEFAULT NULL COMMENT 'Customer Address Id',
  `quote_address_id` int(11) DEFAULT NULL COMMENT 'Quote Address Id',
  `region_id` int(11) DEFAULT NULL COMMENT 'Region Id',
  `customer_id` int(11) DEFAULT NULL COMMENT 'Customer Id',
  `fax` varchar(255) DEFAULT NULL COMMENT 'Fax',
  `region` varchar(255) DEFAULT NULL COMMENT 'Region',
  `postcode` varchar(255) DEFAULT NULL COMMENT 'Postcode',
  `lastname` varchar(255) DEFAULT NULL COMMENT 'Lastname',
  `street` varchar(255) DEFAULT NULL COMMENT 'Street',
  `city` varchar(255) DEFAULT NULL COMMENT 'City',
  `email` varchar(255) DEFAULT NULL COMMENT 'Email',
  `telephone` varchar(255) DEFAULT NULL COMMENT 'Telephone',
  `country_id` varchar(2) DEFAULT NULL COMMENT 'Country Id',
  `firstname` varchar(255) DEFAULT NULL COMMENT 'Firstname',
  `address_type` varchar(255) DEFAULT NULL COMMENT 'Address Type',
  `prefix` varchar(255) DEFAULT NULL COMMENT 'Prefix',
  `middlename` varchar(255) DEFAULT NULL COMMENT 'Middlename',
  `suffix` varchar(255) DEFAULT NULL COMMENT 'Suffix',
  `company` varchar(255) DEFAULT NULL COMMENT 'Company',
  PRIMARY KEY (`entity_id`),
  KEY `IDX_SALES_FLAT_ORDER_ADDRESS_PARENT_ID` (`parent_id`)
) ENGINE=InnoDB  DEFAULT CHARSET=utf8 COMMENT='Sales Flat Order Address' AUTO_INCREMENT=5 ;

--
-- Dumping data for table `sales_flat_order_address`
--

INSERT INTO `sales_flat_order_address` (`entity_id`, `parent_id`, `customer_address_id`, `quote_address_id`, `region_id`, `customer_id`, `fax`, `region`, `postcode`, `lastname`, `street`, `city`, `email`, `telephone`, `country_id`, `firstname`, `address_type`, `prefix`, `middlename`, `suffix`, `company`) VALUES
(1, 1, 3, NULL, 41, 4, NULL, 'New Jersey', '07306', 'patel', '123 main street', 'vadodara', 'mayank.patel1@devdigital.com', '9898989898', 'US', 'mayank', 'billing', NULL, NULL, NULL, 'wvmagic'),
(2, 1, 3, NULL, 41, 4, NULL, 'New Jersey', '07306', 'patel', '123 main street', 'vadodara', 'mayank.patel1@devdigital.com', '9898989898', 'US', 'mayank', 'shipping', NULL, NULL, NULL, 'wvmagic'),
(3, 2, 3, NULL, 41, 4, NULL, 'New Jersey', '07306', 'patel', '123 main street', 'vadodara', 'mayank.patel1@devdigital.com', '9898989898', 'US', 'mayank', 'billing', NULL, NULL, NULL, 'wvmagic'),
(4, 2, 3, NULL, 41, 4, NULL, 'New Jersey', '07306', 'patel', '123 main street', 'vadodara', 'mayank.patel1@devdigital.com', '9898989898', 'US', 'mayank', 'shipping', NULL, NULL, NULL, 'wvmagic');

-- --------------------------------------------------------

--
-- Table structure for table `sales_flat_order_item`
--

CREATE TABLE IF NOT EXISTS `sales_flat_order_item` (
  `item_id` int(10) unsigned NOT NULL AUTO_INCREMENT COMMENT 'Item Id',
  `order_id` int(10) unsigned NOT NULL DEFAULT '0' COMMENT 'Order Id',
  `parent_item_id` int(10) unsigned DEFAULT NULL COMMENT 'Parent Item Id',
  `quote_item_id` int(10) unsigned DEFAULT NULL COMMENT 'Quote Item Id',
  `store_id` smallint(5) unsigned DEFAULT NULL COMMENT 'Store Id',
  `created_at` timestamp NOT NULL DEFAULT CURRENT_TIMESTAMP ON UPDATE CURRENT_TIMESTAMP COMMENT 'Created At',
  `updated_at` timestamp NOT NULL DEFAULT '0000-00-00 00:00:00' COMMENT 'Updated At',
  `product_id` int(10) unsigned DEFAULT NULL COMMENT 'Product Id',
  `product_type` varchar(255) DEFAULT NULL COMMENT 'Product Type',
  `product_options` text COMMENT 'Product Options',
  `weight` decimal(12,4) DEFAULT '0.0000' COMMENT 'Weight',
  `is_virtual` smallint(5) unsigned DEFAULT NULL COMMENT 'Is Virtual',
  `sku` varchar(255) DEFAULT NULL COMMENT 'Sku',
  `name` varchar(255) DEFAULT NULL COMMENT 'Name',
  `description` text COMMENT 'Description',
  `applied_rule_ids` text COMMENT 'Applied Rule Ids',
  `additional_data` text COMMENT 'Additional Data',
  `free_shipping` smallint(5) unsigned NOT NULL DEFAULT '0' COMMENT 'Free Shipping',
  `is_qty_decimal` smallint(5) unsigned DEFAULT NULL COMMENT 'Is Qty Decimal',
  `no_discount` smallint(5) unsigned NOT NULL DEFAULT '0' COMMENT 'No Discount',
  `qty_backordered` decimal(12,4) DEFAULT '0.0000' COMMENT 'Qty Backordered',
  `qty_canceled` decimal(12,4) DEFAULT '0.0000' COMMENT 'Qty Canceled',
  `qty_invoiced` decimal(12,4) DEFAULT '0.0000' COMMENT 'Qty Invoiced',
  `qty_ordered` decimal(12,4) DEFAULT '0.0000' COMMENT 'Qty Ordered',
  `qty_refunded` decimal(12,4) DEFAULT '0.0000' COMMENT 'Qty Refunded',
  `qty_shipped` decimal(12,4) DEFAULT '0.0000' COMMENT 'Qty Shipped',
  `base_cost` decimal(12,4) DEFAULT '0.0000' COMMENT 'Base Cost',
  `price` decimal(12,4) NOT NULL DEFAULT '0.0000' COMMENT 'Price',
  `base_price` decimal(12,4) NOT NULL DEFAULT '0.0000' COMMENT 'Base Price',
  `original_price` decimal(12,4) DEFAULT NULL COMMENT 'Original Price',
  `base_original_price` decimal(12,4) DEFAULT NULL COMMENT 'Base Original Price',
  `tax_percent` decimal(12,4) DEFAULT '0.0000' COMMENT 'Tax Percent',
  `tax_amount` decimal(12,4) DEFAULT '0.0000' COMMENT 'Tax Amount',
  `base_tax_amount` decimal(12,4) DEFAULT '0.0000' COMMENT 'Base Tax Amount',
  `tax_invoiced` decimal(12,4) DEFAULT '0.0000' COMMENT 'Tax Invoiced',
  `base_tax_invoiced` decimal(12,4) DEFAULT '0.0000' COMMENT 'Base Tax Invoiced',
  `discount_percent` decimal(12,4) DEFAULT '0.0000' COMMENT 'Discount Percent',
  `discount_amount` decimal(12,4) DEFAULT '0.0000' COMMENT 'Discount Amount',
  `base_discount_amount` decimal(12,4) DEFAULT '0.0000' COMMENT 'Base Discount Amount',
  `discount_invoiced` decimal(12,4) DEFAULT '0.0000' COMMENT 'Discount Invoiced',
  `base_discount_invoiced` decimal(12,4) DEFAULT '0.0000' COMMENT 'Base Discount Invoiced',
  `amount_refunded` decimal(12,4) DEFAULT '0.0000' COMMENT 'Amount Refunded',
  `base_amount_refunded` decimal(12,4) DEFAULT '0.0000' COMMENT 'Base Amount Refunded',
  `row_total` decimal(12,4) NOT NULL DEFAULT '0.0000' COMMENT 'Row Total',
  `base_row_total` decimal(12,4) NOT NULL DEFAULT '0.0000' COMMENT 'Base Row Total',
  `row_invoiced` decimal(12,4) NOT NULL DEFAULT '0.0000' COMMENT 'Row Invoiced',
  `base_row_invoiced` decimal(12,4) NOT NULL DEFAULT '0.0000' COMMENT 'Base Row Invoiced',
  `row_weight` decimal(12,4) DEFAULT '0.0000' COMMENT 'Row Weight',
  `base_tax_before_discount` decimal(12,4) DEFAULT NULL COMMENT 'Base Tax Before Discount',
  `tax_before_discount` decimal(12,4) DEFAULT NULL COMMENT 'Tax Before Discount',
  `ext_order_item_id` varchar(255) DEFAULT NULL COMMENT 'Ext Order Item Id',
  `locked_do_invoice` smallint(5) unsigned DEFAULT NULL COMMENT 'Locked Do Invoice',
  `locked_do_ship` smallint(5) unsigned DEFAULT NULL COMMENT 'Locked Do Ship',
  `price_incl_tax` decimal(12,4) DEFAULT NULL COMMENT 'Price Incl Tax',
  `base_price_incl_tax` decimal(12,4) DEFAULT NULL COMMENT 'Base Price Incl Tax',
  `row_total_incl_tax` decimal(12,4) DEFAULT NULL COMMENT 'Row Total Incl Tax',
  `base_row_total_incl_tax` decimal(12,4) DEFAULT NULL COMMENT 'Base Row Total Incl Tax',
  `hidden_tax_amount` decimal(12,4) DEFAULT NULL COMMENT 'Hidden Tax Amount',
  `base_hidden_tax_amount` decimal(12,4) DEFAULT NULL COMMENT 'Base Hidden Tax Amount',
  `hidden_tax_invoiced` decimal(12,4) DEFAULT NULL COMMENT 'Hidden Tax Invoiced',
  `base_hidden_tax_invoiced` decimal(12,4) DEFAULT NULL COMMENT 'Base Hidden Tax Invoiced',
  `hidden_tax_refunded` decimal(12,4) DEFAULT NULL COMMENT 'Hidden Tax Refunded',
  `base_hidden_tax_refunded` decimal(12,4) DEFAULT NULL COMMENT 'Base Hidden Tax Refunded',
  `is_nominal` int(11) NOT NULL DEFAULT '0' COMMENT 'Is Nominal',
  `tax_canceled` decimal(12,4) DEFAULT NULL COMMENT 'Tax Canceled',
  `hidden_tax_canceled` decimal(12,4) DEFAULT NULL COMMENT 'Hidden Tax Canceled',
  `tax_refunded` decimal(12,4) DEFAULT NULL COMMENT 'Tax Refunded',
  `gift_message_id` int(11) DEFAULT NULL COMMENT 'Gift Message Id',
  `gift_message_available` int(11) DEFAULT NULL COMMENT 'Gift Message Available',
  `base_weee_tax_applied_amount` decimal(12,4) DEFAULT NULL COMMENT 'Base Weee Tax Applied Amount',
  `base_weee_tax_applied_row_amnt` decimal(12,4) DEFAULT NULL COMMENT 'Base Weee Tax Applied Row Amnt',
  `weee_tax_applied_amount` decimal(12,4) DEFAULT NULL COMMENT 'Weee Tax Applied Amount',
  `weee_tax_applied_row_amount` decimal(12,4) DEFAULT NULL COMMENT 'Weee Tax Applied Row Amount',
  `weee_tax_applied` text COMMENT 'Weee Tax Applied',
  `weee_tax_disposition` decimal(12,4) DEFAULT NULL COMMENT 'Weee Tax Disposition',
  `weee_tax_row_disposition` decimal(12,4) DEFAULT NULL COMMENT 'Weee Tax Row Disposition',
  `base_weee_tax_disposition` decimal(12,4) DEFAULT NULL COMMENT 'Base Weee Tax Disposition',
  `base_weee_tax_row_disposition` decimal(12,4) DEFAULT NULL COMMENT 'Base Weee Tax Row Disposition',
  PRIMARY KEY (`item_id`),
  KEY `IDX_SALES_FLAT_ORDER_ITEM_ORDER_ID` (`order_id`),
  KEY `IDX_SALES_FLAT_ORDER_ITEM_STORE_ID` (`store_id`)
) ENGINE=InnoDB  DEFAULT CHARSET=utf8 COMMENT='Sales Flat Order Item' AUTO_INCREMENT=13 ;

--
-- Dumping data for table `sales_flat_order_item`
--

INSERT INTO `sales_flat_order_item` (`item_id`, `order_id`, `parent_item_id`, `quote_item_id`, `store_id`, `created_at`, `updated_at`, `product_id`, `product_type`, `product_options`, `weight`, `is_virtual`, `sku`, `name`, `description`, `applied_rule_ids`, `additional_data`, `free_shipping`, `is_qty_decimal`, `no_discount`, `qty_backordered`, `qty_canceled`, `qty_invoiced`, `qty_ordered`, `qty_refunded`, `qty_shipped`, `base_cost`, `price`, `base_price`, `original_price`, `base_original_price`, `tax_percent`, `tax_amount`, `base_tax_amount`, `tax_invoiced`, `base_tax_invoiced`, `discount_percent`, `discount_amount`, `base_discount_amount`, `discount_invoiced`, `base_discount_invoiced`, `amount_refunded`, `base_amount_refunded`, `row_total`, `base_row_total`, `row_invoiced`, `base_row_invoiced`, `row_weight`, `base_tax_before_discount`, `tax_before_discount`, `ext_order_item_id`, `locked_do_invoice`, `locked_do_ship`, `price_incl_tax`, `base_price_incl_tax`, `row_total_incl_tax`, `base_row_total_incl_tax`, `hidden_tax_amount`, `base_hidden_tax_amount`, `hidden_tax_invoiced`, `base_hidden_tax_invoiced`, `hidden_tax_refunded`, `base_hidden_tax_refunded`, `is_nominal`, `tax_canceled`, `hidden_tax_canceled`, `tax_refunded`, `gift_message_id`, `gift_message_available`, `base_weee_tax_applied_amount`, `base_weee_tax_applied_row_amnt`, `weee_tax_applied_amount`, `weee_tax_applied_row_amount`, `weee_tax_applied`, `weee_tax_disposition`, `weee_tax_row_disposition`, `base_weee_tax_disposition`, `base_weee_tax_row_disposition`) VALUES
(1, 1, NULL, 1, 1, '2013-01-25 06:44:13', '2013-01-25 06:44:36', 8, 'simple', 'a:1:{s:15:"info_buyRequest";a:4:{s:4:"uenc";s:96:"aHR0cDovLzE5Mi4xNjguMC4yNTMvc3VnYXJiZWFyYWNjZXNzb3JpZXMvc3RvcmUvZm9vZC9nbGlkZXItZ3JhdnkuaHRtbA,,";s:7:"product";s:1:"8";s:15:"related_product";s:0:"";s:3:"qty";s:1:"1";}}', 5.1875, 0, 'glide-r-gravy', 'Glide-R-Gravy™ Instant Gourmet Superfood (6 mo. supply)', NULL, '2', NULL, 0, 0, 0, NULL, 0.0000, 1.0000, 1.0000, 0.0000, 0.0000, NULL, 59.0000, 59.0000, 59.0000, 59.0000, 0.0000, 0.0000, 0.0000, 0.0000, 0.0000, 0.0000, 0.0000, 0.0000, 0.0000, 0.0000, 0.0000, 0.0000, 59.0000, 59.0000, 59.0000, 59.0000, 0.0000, NULL, NULL, NULL, NULL, NULL, 59.0000, 59.0000, 59.0000, 59.0000, NULL, NULL, 0.0000, 0.0000, NULL, NULL, 0, NULL, NULL, NULL, NULL, 0, 0.0000, 0.0000, 0.0000, 0.0000, 'a:0:{}', 0.0000, 0.0000, 0.0000, 0.0000),
(2, 1, NULL, 2, 1, '2013-01-25 06:44:13', '2013-01-25 06:44:36', 113, 'simple', 'a:1:{s:15:"info_buyRequest";a:5:{s:4:"uenc";s:96:"aHR0cDovLzE5Mi4xNjguMC4yNTMvc3VnYXJiZWFyYWNjZXNzb3JpZXMvc3RvcmUvZm9vZC9nbGlkZXItZ3JhdnkuaHRtbA,,";s:7:"product";s:3:"113";s:1:"x";s:2:"14";s:1:"y";s:2:"45";s:3:"qty";s:1:"1";}}', 0.3688, 0, 'glide-a-mins', 'TWO Year Supply of Glide-A-Mins™', NULL, NULL, NULL, 0, 0, 0, NULL, 0.0000, 1.0000, 1.0000, 0.0000, 0.0000, NULL, 50.0000, 50.0000, 50.0000, 50.0000, 0.0000, 0.0000, 0.0000, 0.0000, 0.0000, 0.0000, 0.0000, 0.0000, 0.0000, 0.0000, 0.0000, 0.0000, 50.0000, 50.0000, 50.0000, 50.0000, 0.3688, NULL, NULL, NULL, NULL, NULL, 50.0000, 50.0000, 50.0000, 50.0000, NULL, NULL, 0.0000, 0.0000, NULL, NULL, 0, NULL, NULL, NULL, NULL, 0, 0.0000, 0.0000, 0.0000, 0.0000, 'a:0:{}', 0.0000, 0.0000, 0.0000, 0.0000),
(3, 1, NULL, 3, 1, '2013-01-25 06:44:13', '2013-01-25 06:44:36', 115, 'bundle', 'a:4:{s:15:"info_buyRequest";a:7:{s:4:"uenc";s:96:"aHR0cDovLzE5Mi4xNjguMC4yNTMvc3VnYXJiZWFyYWNjZXNzb3JpZXMvc3RvcmUvZm9vZC9nbGlkZXItZ3JhdnkuaHRtbA,,";s:7:"product";s:3:"115";s:13:"bundle_option";a:2:{i:37;s:2:"68";i:38;s:2:"69";}s:17:"bundle_option_qty";a:2:{i:37;s:1:"1";i:38;s:1:"1";}s:1:"x";s:2:"23";s:1:"y";s:2:"44";s:3:"qty";s:1:"1";}s:14:"bundle_options";a:2:{i:37;a:3:{s:9:"option_id";s:2:"37";s:5:"label";s:14:"Combo Item One";s:5:"value";a:1:{i:0;a:3:{s:5:"title";s:34:"TWO Year Supply of Glide-R-Chow™";s:3:"qty";i:1;s:5:"price";d:0;}}}i:38;a:3:{s:9:"option_id";s:2:"38";s:5:"label";s:14:"Combo Item Two";s:5:"value";a:1:{i:0;a:3:{s:5:"title";s:34:"TWO Year Supply of Glide-A-Mins™";s:3:"qty";i:1;s:5:"price";d:0;}}}}s:20:"product_calculations";i:1;s:13:"shipment_type";s:1:"0";}', 5.5563, 0, 'combo-glid-r-chow-mins-glide-r-chow-glide-a-mins', 'TWO Year Supply of Glide-R-Chow™ & Glide-A-Mins™', NULL, NULL, NULL, 0, 0, 0, NULL, 0.0000, 1.0000, 1.0000, 0.0000, 0.0000, NULL, 88.0000, 88.0000, 88.0000, 88.0000, 0.0000, 0.0000, 0.0000, 0.0000, 0.0000, 0.0000, 0.0000, 0.0000, 0.0000, 0.0000, 0.0000, 0.0000, 88.0000, 88.0000, 88.0000, 88.0000, 5.5563, NULL, NULL, NULL, NULL, NULL, 88.0000, 88.0000, 88.0000, 88.0000, NULL, NULL, 0.0000, 0.0000, NULL, NULL, 0, NULL, NULL, NULL, NULL, 0, 0.0000, 0.0000, 0.0000, 0.0000, 'a:0:{}', 0.0000, 0.0000, 0.0000, 0.0000),
(4, 1, 3, 4, 1, '2013-01-25 06:44:13', '2013-01-25 06:44:36', 114, 'simple', 'a:2:{s:15:"info_buyRequest";a:7:{s:4:"uenc";s:96:"aHR0cDovLzE5Mi4xNjguMC4yNTMvc3VnYXJiZWFyYWNjZXNzb3JpZXMvc3RvcmUvZm9vZC9nbGlkZXItZ3JhdnkuaHRtbA,,";s:7:"product";s:3:"115";s:13:"bundle_option";a:2:{i:37;s:2:"68";i:38;s:2:"69";}s:17:"bundle_option_qty";a:2:{i:37;s:1:"1";i:38;s:1:"1";}s:1:"x";s:2:"23";s:1:"y";s:2:"44";s:3:"qty";s:1:"1";}s:27:"bundle_selection_attributes";s:103:"a:4:{s:5:"price";d:0;s:3:"qty";d:1;s:12:"option_label";s:14:"Combo Item One";s:9:"option_id";s:2:"37";}";}', 5.1875, 0, 'glide-r-chow', 'TWO Year Supply of Glide-R-Chow™', NULL, NULL, NULL, 0, 0, 0, NULL, 0.0000, 1.0000, 1.0000, 0.0000, 0.0000, NULL, 0.0000, 0.0000, 0.0000, NULL, 0.0000, 0.0000, 0.0000, 0.0000, 0.0000, 0.0000, 0.0000, 0.0000, 0.0000, 0.0000, 0.0000, 0.0000, 0.0000, 0.0000, 0.0000, 0.0000, 0.0000, NULL, NULL, NULL, NULL, NULL, NULL, NULL, NULL, NULL, NULL, NULL, 0.0000, 0.0000, NULL, NULL, 0, NULL, NULL, NULL, NULL, 0, 0.0000, NULL, 0.0000, 0.0000, 'a:0:{}', 0.0000, 0.0000, 0.0000, 0.0000),
(5, 1, 3, 5, 1, '2013-01-25 06:44:13', '2013-01-25 06:44:36', 113, 'simple', 'a:2:{s:15:"info_buyRequest";a:7:{s:4:"uenc";s:96:"aHR0cDovLzE5Mi4xNjguMC4yNTMvc3VnYXJiZWFyYWNjZXNzb3JpZXMvc3RvcmUvZm9vZC9nbGlkZXItZ3JhdnkuaHRtbA,,";s:7:"product";s:3:"115";s:13:"bundle_option";a:2:{i:37;s:2:"68";i:38;s:2:"69";}s:17:"bundle_option_qty";a:2:{i:37;s:1:"1";i:38;s:1:"1";}s:1:"x";s:2:"23";s:1:"y";s:2:"44";s:3:"qty";s:1:"1";}s:27:"bundle_selection_attributes";s:103:"a:4:{s:5:"price";d:0;s:3:"qty";d:1;s:12:"option_label";s:14:"Combo Item Two";s:9:"option_id";s:2:"38";}";}', 0.3688, 0, 'glide-a-mins', 'TWO Year Supply of Glide-A-Mins™', NULL, NULL, NULL, 0, 0, 0, NULL, 0.0000, 1.0000, 1.0000, 0.0000, 0.0000, NULL, 0.0000, 0.0000, 0.0000, NULL, 0.0000, 0.0000, 0.0000, 0.0000, 0.0000, 0.0000, 0.0000, 0.0000, 0.0000, 0.0000, 0.0000, 0.0000, 0.0000, 0.0000, 0.0000, 0.0000, 0.0000, NULL, NULL, NULL, NULL, NULL, NULL, NULL, NULL, NULL, NULL, NULL, 0.0000, 0.0000, NULL, NULL, 0, NULL, NULL, NULL, NULL, 0, 0.0000, NULL, 0.0000, 0.0000, 'a:0:{}', 0.0000, 0.0000, 0.0000, 0.0000),
(6, 1, NULL, 6, 1, '2013-01-25 06:44:13', '2013-01-25 06:44:36', 70, 'bundle', 'a:4:{s:15:"info_buyRequest";a:7:{s:4:"uenc";s:96:"aHR0cDovLzE5Mi4xNjguMC4yNTMvc3VnYXJiZWFyYWNjZXNzb3JpZXMvc3RvcmUvZm9vZC9nbGlkZXItZ3JhdnkuaHRtbA,,";s:7:"product";s:2:"70";s:13:"bundle_option";a:2:{i:1;s:1:"4";i:2;s:1:"8";}s:17:"bundle_option_qty";a:2:{i:1;s:1:"1";i:2;s:1:"1";}s:1:"x";s:2:"52";s:1:"y";s:2:"47";s:3:"qty";s:1:"1";}s:14:"bundle_options";a:2:{i:1;a:3:{s:9:"option_id";s:1:"1";s:5:"label";s:14:"First Blank-EZ";s:5:"value";a:1:{i:0;a:3:{s:5:"title";s:18:"Blank-EZ™ - Pink";s:3:"qty";i:1;s:5:"price";d:0;}}}i:2;a:3:{s:9:"option_id";s:1:"2";s:5:"label";s:15:"Second Blank-EZ";s:5:"value";a:1:{i:0;a:3:{s:5:"title";s:18:"Blank-EZ™ - Pink";s:3:"qty";i:1;s:5:"price";d:0;}}}}s:20:"product_calculations";i:1;s:13:"shipment_type";s:1:"0";}', 0.3000, 0, 'blank-ez-pair-blank-ez-pink-blank-ez-pink', 'Pair of Blank-EZ™', NULL, NULL, NULL, 0, 0, 0, NULL, 0.0000, 1.0000, 1.0000, 0.0000, 0.0000, NULL, 17.0000, 17.0000, 17.0000, 17.0000, 0.0000, 0.0000, 0.0000, 0.0000, 0.0000, 0.0000, 0.0000, 0.0000, 0.0000, 0.0000, 0.0000, 0.0000, 17.0000, 17.0000, 17.0000, 17.0000, 0.3000, NULL, NULL, NULL, NULL, NULL, 17.0000, 17.0000, 17.0000, 17.0000, NULL, NULL, 0.0000, 0.0000, NULL, NULL, 0, NULL, NULL, NULL, NULL, 0, 0.0000, 0.0000, 0.0000, 0.0000, 'a:0:{}', 0.0000, 0.0000, 0.0000, 0.0000),
(7, 1, 6, 7, 1, '2013-01-25 06:44:13', '2013-01-25 06:44:36', 68, 'simple', 'a:2:{s:15:"info_buyRequest";a:7:{s:4:"uenc";s:96:"aHR0cDovLzE5Mi4xNjguMC4yNTMvc3VnYXJiZWFyYWNjZXNzb3JpZXMvc3RvcmUvZm9vZC9nbGlkZXItZ3JhdnkuaHRtbA,,";s:7:"product";s:2:"70";s:13:"bundle_option";a:2:{i:1;s:1:"4";i:2;s:1:"8";}s:17:"bundle_option_qty";a:2:{i:1;s:1:"1";i:2;s:1:"1";}s:1:"x";s:2:"52";s:1:"y";s:2:"47";s:3:"qty";s:1:"1";}s:27:"bundle_selection_attributes";s:102:"a:4:{s:5:"price";d:0;s:3:"qty";d:1;s:12:"option_label";s:14:"First Blank-EZ";s:9:"option_id";s:1:"1";}";}', 0.2062, 0, 'blank-ez-pink', 'Blank-EZ™ - Pink', NULL, NULL, NULL, 0, 0, 0, NULL, 0.0000, 1.0000, 1.0000, 0.0000, 0.0000, NULL, 0.0000, 0.0000, 0.0000, NULL, 0.0000, 0.0000, 0.0000, 0.0000, 0.0000, 0.0000, 0.0000, 0.0000, 0.0000, 0.0000, 0.0000, 0.0000, 0.0000, 0.0000, 0.0000, 0.0000, 0.0000, NULL, NULL, NULL, NULL, NULL, NULL, NULL, NULL, NULL, NULL, NULL, 0.0000, 0.0000, NULL, NULL, 0, NULL, NULL, NULL, NULL, 0, 0.0000, NULL, 0.0000, 0.0000, 'a:0:{}', 0.0000, 0.0000, 0.0000, 0.0000),
(8, 1, 6, 8, 1, '2013-01-25 06:44:13', '2013-01-25 06:44:36', 68, 'simple', 'a:2:{s:15:"info_buyRequest";a:7:{s:4:"uenc";s:96:"aHR0cDovLzE5Mi4xNjguMC4yNTMvc3VnYXJiZWFyYWNjZXNzb3JpZXMvc3RvcmUvZm9vZC9nbGlkZXItZ3JhdnkuaHRtbA,,";s:7:"product";s:2:"70";s:13:"bundle_option";a:2:{i:1;s:1:"4";i:2;s:1:"8";}s:17:"bundle_option_qty";a:2:{i:1;s:1:"1";i:2;s:1:"1";}s:1:"x";s:2:"52";s:1:"y";s:2:"47";s:3:"qty";s:1:"1";}s:27:"bundle_selection_attributes";s:103:"a:4:{s:5:"price";d:0;s:3:"qty";d:1;s:12:"option_label";s:15:"Second Blank-EZ";s:9:"option_id";s:1:"2";}";}', 0.2062, 0, 'blank-ez-pink', 'Blank-EZ™ - Pink', NULL, NULL, NULL, 0, 0, 0, NULL, 0.0000, 1.0000, 1.0000, 0.0000, 0.0000, NULL, 0.0000, 0.0000, 0.0000, NULL, 0.0000, 0.0000, 0.0000, 0.0000, 0.0000, 0.0000, 0.0000, 0.0000, 0.0000, 0.0000, 0.0000, 0.0000, 0.0000, 0.0000, 0.0000, 0.0000, 0.0000, NULL, NULL, NULL, NULL, NULL, NULL, NULL, NULL, NULL, NULL, NULL, 0.0000, 0.0000, NULL, NULL, 0, NULL, NULL, NULL, NULL, 0, 0.0000, NULL, 0.0000, 0.0000, 'a:0:{}', 0.0000, 0.0000, 0.0000, 0.0000),
(9, 1, NULL, 9, 1, '2013-01-25 06:44:13', '2013-01-25 06:44:36', 112, 'bundle', 'a:4:{s:15:"info_buyRequest";a:7:{s:4:"uenc";s:96:"aHR0cDovLzE5Mi4xNjguMC4yNTMvc3VnYXJiZWFyYWNjZXNzb3JpZXMvc3RvcmUvZm9vZC9nbGlkZXItZ3JhdnkuaHRtbA,,";s:7:"product";s:3:"112";s:13:"bundle_option";a:2:{i:35;s:2:"66";i:36;s:2:"67";}s:17:"bundle_option_qty";a:2:{i:35;s:1:"1";i:36;s:1:"1";}s:1:"x";s:2:"36";s:1:"y";s:2:"51";s:3:"qty";s:1:"1";}s:14:"bundle_options";a:2:{i:35;a:3:{s:9:"option_id";s:2:"35";s:5:"label";s:14:"Combo Item One";s:5:"value";a:1:{i:0;a:3:{s:5:"title";s:54:"Jung-L-Gym™ Ceramic Heat Dome (8 1/2 inch dome only)";s:3:"qty";i:1;s:5:"price";d:0;}}}i:36;a:3:{s:9:"option_id";s:2:"36";s:5:"label";s:14:"Combo Item Two";s:5:"value";a:1:{i:0;a:3:{s:5:"title";s:43:"Jung-L-Gym™ Ceramic Heat Bulb (Bulb Only)";s:3:"qty";i:1;s:5:"price";d:0;}}}}s:20:"product_calculations";i:1;s:13:"shipment_type";s:1:"0";}', 1.8687, 0, 'combo-heat-lamp-heat-lamp-dome-only-heat-lamp-bulb-only', 'Jung-L-Gym™ Premium Ceramic Heat Lamp (Bulb & Dome)', NULL, NULL, NULL, 0, 0, 0, NULL, 0.0000, 1.0000, 1.0000, 0.0000, 0.0000, NULL, 39.0000, 39.0000, 39.0000, 39.0000, 0.0000, 0.0000, 0.0000, 0.0000, 0.0000, 0.0000, 0.0000, 0.0000, 0.0000, 0.0000, 0.0000, 0.0000, 39.0000, 39.0000, 39.0000, 39.0000, 1.8687, NULL, NULL, NULL, NULL, NULL, 39.0000, 39.0000, 39.0000, 39.0000, NULL, NULL, 0.0000, 0.0000, NULL, NULL, 0, NULL, NULL, NULL, NULL, 0, 0.0000, 0.0000, 0.0000, 0.0000, 'a:0:{}', 0.0000, 0.0000, 0.0000, 0.0000),
(10, 1, 9, 10, 1, '2013-01-25 06:44:13', '2013-01-25 06:44:36', 84, 'simple', 'a:2:{s:15:"info_buyRequest";a:7:{s:4:"uenc";s:96:"aHR0cDovLzE5Mi4xNjguMC4yNTMvc3VnYXJiZWFyYWNjZXNzb3JpZXMvc3RvcmUvZm9vZC9nbGlkZXItZ3JhdnkuaHRtbA,,";s:7:"product";s:3:"112";s:13:"bundle_option";a:2:{i:35;s:2:"66";i:36;s:2:"67";}s:17:"bundle_option_qty";a:2:{i:35;s:1:"1";i:36;s:1:"1";}s:1:"x";s:2:"36";s:1:"y";s:2:"51";s:3:"qty";s:1:"1";}s:27:"bundle_selection_attributes";s:103:"a:4:{s:5:"price";d:0;s:3:"qty";d:1;s:12:"option_label";s:14:"Combo Item One";s:9:"option_id";s:2:"35";}";}', 1.2125, 0, 'heat-lamp-dome-only', 'Jung-L-Gym™ Ceramic Heat Dome (8 1/2 inch dome only)', NULL, NULL, NULL, 0, 0, 0, NULL, 0.0000, 1.0000, 1.0000, 0.0000, 0.0000, NULL, 0.0000, 0.0000, 0.0000, NULL, 0.0000, 0.0000, 0.0000, 0.0000, 0.0000, 0.0000, 0.0000, 0.0000, 0.0000, 0.0000, 0.0000, 0.0000, 0.0000, 0.0000, 0.0000, 0.0000, 0.0000, NULL, NULL, NULL, NULL, NULL, NULL, NULL, NULL, NULL, NULL, NULL, 0.0000, 0.0000, NULL, NULL, 0, NULL, NULL, NULL, NULL, 0, 0.0000, NULL, 0.0000, 0.0000, 'a:0:{}', 0.0000, 0.0000, 0.0000, 0.0000),
(11, 1, 9, 11, 1, '2013-01-25 06:44:14', '2013-01-25 06:44:36', 85, 'simple', 'a:2:{s:15:"info_buyRequest";a:7:{s:4:"uenc";s:96:"aHR0cDovLzE5Mi4xNjguMC4yNTMvc3VnYXJiZWFyYWNjZXNzb3JpZXMvc3RvcmUvZm9vZC9nbGlkZXItZ3JhdnkuaHRtbA,,";s:7:"product";s:3:"112";s:13:"bundle_option";a:2:{i:35;s:2:"66";i:36;s:2:"67";}s:17:"bundle_option_qty";a:2:{i:35;s:1:"1";i:36;s:1:"1";}s:1:"x";s:2:"36";s:1:"y";s:2:"51";s:3:"qty";s:1:"1";}s:27:"bundle_selection_attributes";s:103:"a:4:{s:5:"price";d:0;s:3:"qty";d:1;s:12:"option_label";s:14:"Combo Item Two";s:9:"option_id";s:2:"36";}";}', 0.6562, 0, 'heat-lamp-bulb-only', 'Jung-L-Gym™ Ceramic Heat Bulb (Bulb Only)', NULL, NULL, NULL, 0, 0, 0, NULL, 0.0000, 1.0000, 1.0000, 0.0000, 0.0000, NULL, 0.0000, 0.0000, 0.0000, NULL, 0.0000, 0.0000, 0.0000, 0.0000, 0.0000, 0.0000, 0.0000, 0.0000, 0.0000, 0.0000, 0.0000, 0.0000, 0.0000, 0.0000, 0.0000, 0.0000, 0.0000, NULL, NULL, NULL, NULL, NULL, NULL, NULL, NULL, NULL, NULL, NULL, 0.0000, 0.0000, NULL, NULL, 0, NULL, NULL, NULL, NULL, 0, 0.0000, NULL, 0.0000, 0.0000, 'a:0:{}', 0.0000, 0.0000, 0.0000, 0.0000),
(12, 2, NULL, 12, 1, '2013-02-08 01:42:47', '2013-02-08 01:43:20', 4, 'simple', 'a:1:{s:15:"info_buyRequest";a:4:{s:4:"uenc";s:104:"aHR0cDovLzE5Mi4xNjguMC4yNTMvc3VnYXJiZWFyYWNjZXNzb3JpZXMvc3RvcmUvY2FnZXMvZXotZ28tdHJhdmVsLWNhZ2UuaHRtbA,,";s:7:"product";s:1:"4";s:15:"related_product";s:0:"";s:3:"qty";s:1:"1";}}', 8.0000, 0, 'ez-go-trav-l-cage', 'EZ-GO™ Trav-L-Cage', NULL, NULL, NULL, 0, 0, 0, NULL, 0.0000, 1.0000, 1.0000, 0.0000, 1.0000, NULL, 89.0000, 89.0000, 89.0000, 89.0000, 0.0000, 0.0000, 0.0000, 0.0000, 0.0000, 0.0000, 0.0000, 0.0000, 0.0000, 0.0000, 0.0000, 0.0000, 89.0000, 89.0000, 89.0000, 89.0000, 8.0000, NULL, NULL, NULL, NULL, NULL, 89.0000, 89.0000, 89.0000, 89.0000, NULL, NULL, 0.0000, 0.0000, NULL, NULL, 0, NULL, NULL, NULL, NULL, 0, 0.0000, 0.0000, 0.0000, 0.0000, 'a:0:{}', 0.0000, 0.0000, 0.0000, 0.0000);

--
-- Constraints for dumped tables
--

--
-- Constraints for table `sales_flat_order_address`
--
ALTER TABLE `sales_flat_order_address`
  ADD CONSTRAINT `FK_SALES_FLAT_ORDER_ADDRESS_PARENT_ID_SALES_FLAT_ORDER_ENTITY_ID` FOREIGN KEY (`parent_id`) REFERENCES `sales_flat_order` (`entity_id`) ON DELETE CASCADE ON UPDATE CASCADE;

/*!40101 SET CHARACTER_SET_CLIENT=@OLD_CHARACTER_SET_CLIENT */;
/*!40101 SET CHARACTER_SET_RESULTS=@OLD_CHARACTER_SET_RESULTS */;
/*!40101 SET COLLATION_CONNECTION=@OLD_COLLATION_CONNECTION */;
